Vibration_X,Vibration_Y,Vibration_Z,Temperature,RPM,Operating_Time,Fault_Class
0.4967141530112327,1.3993554365860021,-0.6751782749743815,107.31181606388355,2826,620,0
-0.13826430117118466,0.9246336829127688,-0.14451867071551783,118.84970445595641,2137,266,0
0.6476885381006925,0.05963036992017413,-0.7924199209999613,68.17695872652898,2916,95,0
1.5230298564080254,-0.6469367777055739,-0.3079615296390403,117.88065429585839,1896,262,0
-0.23415337472333597,0.6982233136135899,-1.8936146669537857,80.18637088540905,1819,825,1
-0.23413695694918055,0.3934853854217496,0.21329370737293857,74.32631567196282,1852,897,0
1.5792128155073915,0.8951932200277323,0.0012054753622242368,53.52446688785473,2500,71,0
0.7674347291529088,0.6351718016819695,-0.8170886310681906,53.69356805017218,1709,954,0
-0.4694743859349521,1.0495527153193351,0.6592456684324051,98.44078791626583,2956,219,0
0.5425600435859647,-0.535235211560568,0.9375701376265584,82.05502961038195,1320,533,0
-0.46341769281246226,1.3173940656343257,-1.6075598643689741,65.8565138225274,1178,92,0
-0.46572975357025687,0.19759960469239965,-0.7627247785662142,92.97792144276629,1896,127,0
0.24196227156603412,2.0752608726252655,-0.7691423497872982,67.70006827750778,1218,80,0
-1.913280244657798,-0.6891878180895679,-0.9399031011088647,90.43422280410958,1788,824,1
-1.7249178325130328,1.7359638031652493,0.8294748419317485,75.14461228878832,2972,238,0
-0.5622875292409727,0.1979107834626478,-0.19382613877280352,107.64865586282733,2551,983,0
-1.0128311203344238,-0.6514180036144483,-0.26451484131061076,107.44873125367455,1491,372,1
0.3142473325952739,-0.48388583405432156,-2.0038623644067535,83.41452786856809,2914,916,1
-0.9080240755212109,-0.32034730819432017,0.6354180302092264,74.5573376534511,1060,486,0
-1.4123037013352915,0.4241659464019164,-1.2392583948534726,75.37918575913662,2077,694,0
1.465648768921554,0.5228354880354996,0.05993263026632825,106.40001679677525,2703,25,1
-0.22577630048653566,-0.573700003938579,0.2773769379581917,72.97256379583284,1537,156,0
0.06752820468792384,-0.02435459226098284,1.360658595838651,64.63415615947922,1847,517,0
-1.4247481862134568,2.1422703586118637,-1.308820399119112,55.92818393127148,1987,632,0
-0.5443827245251827,1.7275431701007113,-3.0195121558208253,82.66851846190859,1064,789,0
0.11092258970986608,0.4363236696740321,0.18384954475369486,83.74924692438893,2635,530,0
-1.1509935774223028,0.03800347816820029,1.8005111815108537,108.8636097282035,1585,943,0
0.37569801834567196,0.1200313267182613,1.2389463529394373,65.48670875122448,2727,710,0
-0.600638689918805,0.6135179727304166,0.20965941527462578,76.66938915678799,1170,57,0
-0.2916937497932768,-1.0227925651984056,-0.49163618563204736,106.58840172255836,2296,605,0
-0.6017066122293969,-0.2573765374233451,0.8071225966373103,107.65365275242814,2912,19,1
1.8522781845089378,-1.6685840738775894,-0.9735461997044687,76.92277531851377,2722,384,1
-0.013497224737933921,0.39922312260527926,0.47635776935621926,82.13868163006767,1534,865,0
-1.0577109289559004,0.647195939702741,0.5054701591666269,71.2300123594498,2414,193,0
0.822544912103189,-0.483186462299374,1.0602099074988798,115.27884148935185,2963,237,0
-1.2208436499710222,1.5739867632900328,2.7596600389110777,58.30506360191062,1692,387,0
0.2088635950047554,-1.2257656630023412,0.39241596717876703,115.3624596101029,2350,426,0
-1.9596701238797756,-1.4643748802098202,-0.5089636257074988,97.87065162847404,1107,277,0
-1.3281860488984305,0.22445181855997204,-0.025574312191994436,87.21005068807119,2870,227,1
0.19686123586912352,1.0470983026121545,-1.7690759048891183,52.286134254914714,2185,745,0
0.7384665799954104,1.6839276914578687,-0.6947131310890582,83.29173342754058,1813,552,0
0.1713682811899705,-0.45888426286894,-0.409282438113104,78.54236735019126,2004,323,0
-0.11564828238824053,1.0786808334312956,-0.5240883979345925,61.28531683825858,1451,153,0
-0.3011036955892888,-0.03850846950070721,0.152354872033722,95.94867224504598,2229,639,0
-1.4785219903674274,-0.17262729994081963,-0.8224199323822006,117.98056351578,1589,237,0
-0.7198442083947086,0.8836599374866724,1.1210306673244714,89.35321677451677,2039,998,0
-0.4606387709597875,0.6523228784134196,0.00020706491819709385,100.0327293510762,1326,55,1
1.0571222262189157,-1.5763921569842494,-0.009300321138614417,54.79153167962117,1607,980,0
0.3436182895684614,1.4765403497258958,-0.32789471651291785,79.23668970718964,1658,436,1
-1.763040155362734,1.3800913541474515,0.15519068385897913,58.14509396151471,1001,684,0
0.324083969394795,-0.6255627015095294,0.8250982646676347,92.89570848755574,2033,109,0
-0.38508228041631654,0.39580353343740904,-0.8671302157109003,115.69375107499083,1433,866,0
-0.6769220003059587,0.4940301862827388,-0.6581164890752567,96.3244412730147,1124,981,0
0.6116762888408679,0.2606737658239071,-0.30372602877666466,55.37621338200951,2104,184,0
1.030999522495951,-0.5503051538454201,-1.345870923473215,74.82663434895579,1484,951,0
0.9312801191161986,-0.6716233679380516,-0.8192578597214978,88.5464365608596,1651,368,0
-0.8392175232226385,-0.025554070991445278,-0.47622087354465903,78.22454292932765,2861,983,0
-0.3092123758512146,1.1727290192593647,0.8743891807127275,108.35508073326207,2173,198,0
0.33126343140356396,0.5436001545944323,0.26256132900192497,107.02697032969925,1799,371,0
0.9755451271223592,-0.37061433208610595,0.19358991136754436,92.8281714072255,1872,373,0
-0.47917423784528995,0.7716987106483447,0.8508979621679722,76.14205615928937,2363,973,0
-0.18565897666381712,-2.8485426206300755,-0.13737178839939665,67.8735461634271,1128,497,0
-1.1063349740060282,1.1487657003721035,0.3904648499288896,57.41120227491905,1437,599,1
-1.1962066240806708,-1.7397137787780996,-0.10322175293249623,74.84283784405878,1750,201,0
0.812525822394198,-0.36244094140313216,0.26536234939962844,78.92207620454036,1500,849,0
1.356240028570823,-1.1196698946261439,-0.5827586576115821,97.30760475728516,2081,509,0
-0.07201012158033385,-1.2946814757209058,-2.438817158276429,96.07118770083014,2221,322,0
1.0035328978920242,1.1608267873785194,-0.13427916218630415,54.90756977488799,1210,275,0
0.36163602504763415,-0.46770120131189136,1.42274813609994,77.66815208018104,2937,211,1
-0.6451197546051243,0.3465038817307158,0.9262154022415924,62.72452070521533,1901,504,1
0.36139560550841393,-0.04692057887918407,0.9653974845911707,60.9768893721764,1044,903,0
1.5380365664659692,0.47704082722312147,1.2361307218062179,107.91115048160722,2120,118,0
-0.03582603910995154,0.07682189106025536,0.08865759096143744,52.93406517013803,2302,703,0
1.5646436558140062,-1.2829922241885696,0.1973157074055956,79.3428013131485,1534,554,0
-2.6197451040897444,0.99626681944714,-0.6176518954343502,61.774255903656275,2433,42,0
0.8219025043752238,-0.4937565831613125,-0.31607285602704976,111.55311509749319,1460,315,0
0.08704706823817122,-1.556581898659751,0.6157711497711416,88.99283592925246,1390,788,0
-0.29900735046586746,-0.4281151609659125,1.2038844371688162,66.19664454637936,2870,329,1
0.0917607765355023,1.5007597906343109,-0.13944627568099954,85.16991010164635,2067,17,0
-1.9875689146008928,0.8502217421134929,-0.4501892648514116,101.2040451792181,1026,283,0
-0.21967188783751193,-0.3486521344078592,0.0005279588565972928,117.06826062436036,1793,943,1
0.3571125715117464,-0.3492577043184288,0.6012067489291149,65.43122029717932,2120,258,0
1.477894044741516,-0.3216350512173826,-1.4438548161335418,112.03272404905417,1974,575,1
-0.5182702182736474,2.076747983560841,-2.296180953137238,115.40128799172432,1547,574,0
-0.8084936028931876,0.38193545223155334,-0.5505368494915835,114.14943811724464,1620,612,0
-0.5017570435845365,0.43004164719106963,-1.2207124259141586,94.47900498033368,1566,19,1
0.9154021177020741,1.0302834540318422,-0.5081401976473109,94.08744581042953,1703,529,0
0.32875110965968446,0.23878915902651351,-0.14778031881747153,78.2247443228676,2242,837,0
-0.5297602037670388,-0.2590421458207031,-0.4532484090230134,102.66785176126515,1184,423,0
0.5132674331133561,-0.19634984908497827,1.4524675344707454,87.19058128456524,2092,466,0
0.09707754934804039,-0.07160125941406395,0.32674476460232005,97.42066498598061,2852,373,0
0.9686449905328892,-0.03722223650984159,0.30047435961082836,79.99205326941568,2153,758,1
-0.7020530938773524,0.7276295436369798,0.6222071440434019,101.20475248301973,2590,763,1
-0.3276621465977682,0.05194588580729943,-1.1388331177807691,107.71300623231843,2913,967,1
-0.39210815313215763,0.7326400772155792,1.0391117874202687,60.25053796219713,2632,81,0
-1.4635149481321186,-0.08071658010858232,-0.07576428653545988,108.30508009019596,1847,551,0
0.29612027706457605,0.07863519031609059,0.6704806172412126,87.8207572253215,1598,548,0
0.26105527217988933,-1.9982006845321076,-1.0718572330401555,109.12661363631571,1805,424,1
0.00511345664246089,0.9163276747024814,-1.5537587660160643,80.19111944387103,2654,429,0
-0.23458713337514692,0.3464884758979927,0.8178896580250287,76.53283397681246,2743,388,0
-1.4153707420504142,0.9980101098596522,0.3764095260975166,114.05425127620558,2357,998,0
-0.42064532276535904,-2.8962553781936893,-0.9020515543575104,67.5818487283881,2948,921,0
-0.3427145165267695,2.0883747047807275,-0.8696630812746944,109.09486277003002,2177,709,0
-0.8022772692216189,-0.13958962815517376,1.1254347844147694,83.88144007565829,2570,670,1
-0.16128571166600914,1.1081828167375165,-1.1894118928673278,85.98668097858818,1078,204,1
0.4040508568145384,-1.0399059271255309,1.6426729532559634,71.59277970426388,1578,196,0
1.8861859012105302,0.6127739050625697,-0.9006207346478687,90.1129540433311,2878,728,0
0.17457781283183896,-1.0534155631736561,0.638391925608383,72.76478373933479,1412,285,1
0.25755039072276437,-0.6237689606958051,-0.3286184757489846,52.748858996915665,1545,969,0
-0.07444591576616721,1.9140313538667861,0.6031874310823431,69.03990237410493,2632,196,0
-1.9187712152990415,-0.19068240076334658,-0.5441140021141926,50.44653303846135,1168,307,0
-0.026513875449216878,0.21743287317972287,-0.1627929060722942,118.48483509397997,1680,664,0
0.06023020994102644,0.8700677306887542,0.04091917539572113,117.60230468738233,2686,14,0
2.463242112485286,0.49568188797260465,-1.0021874557814727,77.66087082306134,1582,837,0
-0.19236096478112252,0.15041890514357642,0.7408243454201259,100.98595980377522,1514,146,0
0.30154734233361247,0.3649610024662254,-0.5132135664715852,74.20642688872975,2337,938,0
-0.03471176970524331,2.403415585238275,-0.22859991534001858,96.97652099601832,1031,57,1
-1.168678037619532,-0.05761879703358539,-0.9943493746085122,106.38010301321853,1286,723,1
1.1428228145150205,0.2010990467149675,-2.5623336587953105,116.27293712845685,1593,780,1
0.7519330326867741,1.050654396007612,-0.19102776260016902,78.01485930947703,2066,210,0
0.7910319470430469,1.1055259329579838,2.412615421612916,104.83085880692335,2926,529,0
-0.9093874547947389,1.1870303055603801,0.7846042878980238,68.61499154424831,1616,798,0
1.4027943109360992,0.6387302220291846,-0.01926037973439464,119.32326126555539,2024,344,1
-1.4018510627922809,-1.1430049127304835,-0.2628908292082677,51.80387191350458,2596,715,0
0.5868570938002703,1.633431532301096,0.02246589281204638,92.24701645507847,1269,611,0
2.1904556258099785,-1.146345393018688,0.54711911517521,96.16541871559289,2203,279,0
-0.9905363251306883,0.30263546523903323,-1.1808128153088449,98.16318899518902,2759,209,0
-0.5662977296027719,-0.7542758500193579,1.114321694668872,58.42713051523623,1517,641,0
0.09965136508764122,-0.06413834659299254,0.7153813154412441,115.69708484311913,2126,335,1
-0.5034756541161992,0.3287624103034804,0.7181857257079345,62.682829533505796,2033,288,1
-1.5506634310661327,0.32135721545027307,0.4384757388097273,93.59273822678887,1582,252,0
0.06856297480602733,0.42192075423528475,0.019616657693989903,65.58732553861594,2113,265,1
-1.0623037137261049,1.613711269058647,0.6728612359668199,71.50514919148895,1225,271,0
0.4735924306351816,0.45353430151397983,0.591814133741378,88.25209792096871,1669,924,0
-0.9194242342338032,-0.24415663529064868,-0.3540407109410238,79.20353929952036,2763,920,0
1.5499344050175394,0.9640871682883573,-0.573601772896901,61.21579206835544,1916,700,0
-0.7832532923362371,1.1894704889246406,0.1018562952619867,61.96554816945938,1125,419,0
-0.3220615162056756,-1.2276078151369925,1.5490201514951873,79.27013517139598,1955,726,1
0.8135172173696698,0.597400069849858,-1.2391070756539009,103.00980847928506,2232,795,0
-1.2308643164339552,0.7011727423108983,-1.46752526575244,112.8575252793452,2120,211,0
0.22745993460412942,-0.29756350335999193,0.16476084123651674,55.8889363581568,1073,365,0
1.307142754282428,1.3757068133116195,0.05088770185601806,77.51727352915808,2650,76,1
-1.6074832345612275,-0.15005558703252672,0.1733416643704082,57.017189460601365,2214,660,0
0.1846338585323042,0.12557645347154225,0.24395319790850026,51.161473644281855,2705,321,0
0.25988279424842353,-0.1730718242838696,-0.22320225463480511,96.32030778507696,2842,725,0
0.7818228717773104,0.015579047581467534,1.4898634386020821,92.17146093766115,2983,433,0
-1.236950710878082,-1.0962750868952018,-1.6009039784765156,61.41133796704203,2739,109,0
-1.3204566130842763,-1.4400508825942944,-0.828497024780246,66.3668983165145,1055,641,0
0.5219415656168976,1.5945050632249722,-0.10325476014904739,51.659542755116284,1719,522,0
0.29698467323318606,-0.8469613483183278,-1.6431888111541673,108.44630439860826,1552,47,0
0.25049285034587654,-0.9913923494563072,-0.17585440443207118,118.2283417233986,1031,379,1
0.3464482094969757,-2.153390113603715,1.6614701657280182,59.48216757562835,2550,827,0
-0.6800247215784908,-0.6389617476895022,0.020886488295961788,66.20326496357086,1573,96,0
0.23225369716100355,-1.3230897934074983,0.23070090571868349,110.78866667628537,1666,958,1
0.29307247329868125,1.642015160136369,-1.2601647651725802,114.85246585693294,1283,103,0
-0.7143514180263678,1.0098170893426341,-0.6163614080394775,79.37391679647672,2744,892,1
1.8657745111447566,-0.6881503451777238,-0.375196380323937,53.543573058835186,2855,854,0
0.4738329209117875,2.2524358053443088,-0.31771509675623405,52.75742835849736,2517,146,0
-1.1913034972026486,0.9817654869915943,1.2816437950037687,90.17649062483073,1186,880,0
0.6565536086338297,-0.32483138350862245,0.5576910607251245,77.50265762252253,1497,942,1
-0.9746816702273214,-2.499405714873573,-1.111457956937032,52.005669930435815,2465,928,0
0.787084603742452,2.2909425725907417,0.24650477843200488,90.82766746187897,1129,27,0
1.158595579007404,-1.389572466763596,0.49822174849678513,50.79117756123157,1638,732,1
-0.8206823183517105,-1.6453987469568918,1.1401490385212665,105.11603707044911,2315,530,0
0.9633761292443218,1.0225704320096403,1.5805406865683735,71.45029758923602,1113,679,0
0.4127809269364983,2.439752406339273,-1.0150941918278686,52.818060210646244,2222,945,0
0.82206015999449,1.3842728185105182,-0.8108575112103382,91.18465546882072,1012,989,0
1.8967929826539474,0.5639091200523596,-1.2575778589146163,77.83790901031384,2294,82,0
-0.2453881160028705,0.594754341665286,-0.23401985910698136,118.16602893500047,2624,428,0
-0.7537361643574896,0.8534155587803077,0.4663583744463345,88.09390637525915,2238,584,0
-0.8895144296255233,0.7589285897867651,0.9873345165891019,69.26674267259058,1443,822,0
-0.8158102849654383,0.2811914239693758,-0.07595102364252276,99.66072052437823,2813,479,1
-0.0771017094141042,0.10420110395187607,-0.31984752325484395,69.00444017798979,2535,766,1
0.3411519748166439,-0.06259312789952241,0.15175799224874037,113.29703039852956,1446,162,0
0.27669079933001905,-0.7539645888666763,-0.835142901630023,76.23053793551635,1985,839,1
0.8271832490360238,-0.28067507686677406,2.0895387216947734,88.49079939433437,1992,932,0
0.01300189187790702,-1.6929568141953855,-1.6076610271180587,53.54011726769602,1714,402,0
1.4535340771573169,-0.09833962679474989,0.18474057889572446,79.82848665665615,1073,508,0
-0.2646568332379561,-0.9885911071509175,2.0236062192296393,108.26544777626964,1536,38,0
2.720169166589619,-1.103589317215771,0.006799844559997769,106.39541637543394,1100,955,0
0.6256673477650062,0.17989415115347845,-0.19003903500149447,65.70229911974684,1175,511,1
-0.8571575564162826,1.3920022863445993,-0.3574454228104272,65.82553497073938,1426,393,0
-1.0708924980611123,0.918316606002313,-0.18039168176240783,107.21137185492657,2140,713,1
0.4824724152431853,-1.570500603623177,1.3728484746765302,115.12788941185279,2189,494,0
-0.2234627853258509,-0.9896281365703375,-2.211861911329507,56.67526448911025,1040,200,0
0.714000494092092,0.9407711879882159,1.5334337012963255,81.50410475983577,1428,255,0
0.47323762457354485,-0.9824873935383096,-1.423957152450145,73.62179952749602,1343,179,0
-0.07282891265687277,-0.2246331499970246,-0.2666523292344148,110.94819188202075,2447,547,0
-0.846793718068405,0.5500520990245519,-0.42924442029866183,55.84674402760132,1365,594,0
-1.5148472246858646,-0.9683444548636353,0.5885532697707198,64.77881597906261,2143,389,0
-0.4465149520670211,0.1053755061459599,-1.5981243518837476,102.67278363105461,1608,398,0
0.8563987943234723,-1.3340254949182044,0.46217266608194285,53.59056942868509,1656,732,0
0.21409374413020396,-0.6013676439512137,2.0243096232868525,84.47747665000026,1727,158,0
-1.245738778711988,0.31978193414253697,-1.3631740045928105,80.9474924275804,1228,4,1
0.173180925851182,-1.5929937335316693,0.18970616761039566,73.40808252921241,1824,167,0
0.3853173797288368,0.440474737960399,-0.6619821777966091,77.62006207232466,2153,468,0
-0.883857436201133,-0.019637798926681216,0.42588720619303577,87.0958410851163,2375,960,1
0.1537251059455279,0.5524899544171478,0.01914777741575206,61.29571508718682,1888,409,0
0.058208718445999896,0.22391413406466143,-0.6414869090443096,90.03971147985149,2341,412,0
-1.142970297830623,1.3641404299738442,0.487872284871074,106.38026305099905,1983,204,1
0.3577873603482833,0.12522450264790727,1.804348109786743,103.21126508531114,2672,194,0
0.5607845263682344,-0.429405541125253,-0.19090379172729868,60.772993328564155,1835,235,0
1.083051243175277,0.12229750303228377,0.7197579421481819,60.44746288190318,2360,718,0
1.053802052034903,0.5432980290363879,-1.2932729578711637,68.77220574214394,2296,150,1
-1.377669367957091,0.04886007032570433,-0.9564363768180087,75.2752308438726,1116,159,1
-0.9378250399151228,0.04059169120388238,0.47240627788037737,78.59189069859379,1817,279,0
0.5150352672086598,-0.7019916878067554,1.484116028535965,97.57880517833416,1367,816,0
0.5137859509122088,-0.6629009175509482,0.35561334878566,53.967630251608476,2117,404,0
0.5150476863060479,-1.4026052717996935,-0.31305803052315434,52.42708929582464,1167,893,0
3.852731490654721,1.7495767431869393,-0.0007085945766459172,77.43373940607363,1953,678,0
0.570890510693167,-1.243863235391285,-1.2504077339697175,98.80145844965864,2738,311,0
1.135565640180599,-0.6929051977959073,0.6045153263553668,63.54047400695378,2364,68,1
0.9540017634932023,-0.7184072655691974,0.8823330623234091,94.90531368793762,1660,463,1
0.651391251305798,0.8949243769444413,-0.45209033283308037,68.18796965582096,2937,88,0
-0.3152692446403456,-0.2949496782920278,-0.4700421477595015,112.02602761694615,1694,217,0
0.7589692204932674,1.2477420726737338,0.2658782296520485,112.69829609866315,1924,1,0
-0.7728252145375718,-0.6734906242438685,-0.4367197360405955,70.81010429969285,1151,135,0
-0.23681860674000887,0.27899416222380197,-0.06613261462582246,66.09956277742684,1585,697,0
-0.48536354782910346,-0.8353470532597573,2.0997217891665154,78.79127804463619,2900,351,1
0.08187413938632256,2.1451491277733883,-0.24702570074599667,66.83721096261041,1912,140,0
2.3146585666735087,-1.1875984190295128,-0.3583401520212222,97.06686903041926,1273,618,0
-1.867265192591748,0.3098207102270275,-0.6475418056351592,107.82452791837999,2577,133,0
0.6862601903745135,0.6337768809320985,0.7441919714999368,97.11644916378519,1495,620,0
-1.6127158711896517,0.41379909745149823,-0.181224173218103,107.70453130745446,2747,178,0
-0.47193186578943347,-0.1852876588777083,-0.649373038321426,77.78945135452318,1100,810,0
1.088950596967366,-0.12982069973342616,1.321304032273012,60.94218794962026,1556,358,0
0.06428001909546277,0.0438114719791096,1.4196030045136372,101.65656631783145,2105,380,1
-1.0777447779293061,-0.14700200162848862,-0.6004235657387051,75.23321535990877,2552,908,0
-0.7153037092599682,0.9638791167949097,-1.8665399513606162,96.98895776603928,1072,871,0
0.6795977489346758,2.2105230015913513,1.0075136898369221,68.94507593872359,2037,658,0
-0.7303666317171367,-0.5574917850078336,-0.684629825760004,55.68607443646709,2456,450,0
0.21645858958197486,-1.3698029795790778,0.7906255991627686,119.48072568414344,1156,586,0
0.045571839903813784,-0.08828204835125482,-1.9701038177118355,60.93410555514195,1734,463,0
-0.6516003476058171,2.5797093376543185,0.8925973382993092,119.18946957744367,1131,990,0
2.1439440893253257,-0.8036745679697308,-1.2111719292807812,118.40959527965131,2361,108,0
0.6339190223180112,1.6391168054440675,0.7307641190665245,105.56726727356278,2018,122,0
-2.025142586657607,1.6777008140764407,0.014273067836434106,96.15960734573983,2427,17,0
0.18645431476942764,-0.5535882417079946,-0.9539394193966448,90.44649351757593,2399,196,1
-0.661786464768388,0.5689830791852754,-0.4070363129267805,110.62710817644843,2911,327,0
0.852433334796224,1.628396623128538,0.6863184569567008,70.26076651336416,1558,318,0
-0.7925207384327007,-0.3791277409874871,0.10589445311523424,82.73768487394139,1106,809,0
-0.11473644146689901,-0.20358036010236177,0.5844129804724842,93.35729785565513,2643,479,0
0.5049872789804571,-0.5816809139486437,1.9764405845154855,78.78333331086438,1264,252,1
0.8657551941701215,-1.0147567306928669,-1.5642416117110514,79.92405178631876,2228,503,0
-1.2002964070557762,-0.6492775450660071,1.617212574968624,73.11992672514592,2102,999,1
-0.3345012358409484,-1.2239402667622565,0.10435593752321293,89.49622716791752,1154,119,1
-0.4749453111609562,0.03408346825922607,-0.8987840483231282,109.54021696105812,2806,674,0
-0.6533292325737119,-0.7699732310586418,-1.3303136257389898,64.1069864604419,1987,710,0
1.7654542402810969,0.2337859117907477,-0.1891203907770335,115.4103127127409,1996,498,0
0.40498171096095553,-1.5558956462036273,0.9216501119244593,98.23613576237608,1246,486,1
-1.2608839543350452,0.33088023221445706,-0.12754912037753421,107.6291248876021,1530,45,0
0.9178619470547761,0.8335289616089246,1.5111549302473475,88.9333484841008,1857,314,0
2.1221561970126332,-1.9937356425714554,-1.4511756900515589,104.56616909968444,2971,179,0
1.0324652605511468,0.37405656984757213,-0.01208894784605456,51.13402781376271,1537,894,0
-1.5193699659540134,1.2276689924732922,-1.252393444413119,107.28662973456747,1728,418,0
-0.48423407286625136,-1.2096410186912054,0.3636318826249679,52.80972013597565,2177,556,0
1.2669111491866227,1.6725723868377034,0.8868873900973003,112.29393634540037,1153,783,0
-0.7076694656187807,0.4190190093660452,-0.42076179368105326,119.43739230670504,2709,78,1
0.44381942814622843,-0.7050118557584089,-2.6042138566271342,70.58472235237446,1091,326,0
0.7746340534293368,-0.05576907765770601,0.19894814679649453,64.72229894000556,2456,690,0
-0.926930471578083,0.5583269125217224,0.4367385517335095,103.57543547006284,1337,357,0
-0.05952535606180008,0.0760053914124115,0.40429475496169764,67.71184386441773,2503,416,0
-3.2412673400690726,0.5387559924463692,1.235782191822154,110.58936682205425,2716,963,0
-1.0243876413342898,-0.9206735930793662,-1.0710536796490489,57.19898145102337,2154,515,0
-0.2525681513931603,0.169360824036078,0.6802161054504494,58.81686374655508,1449,214,0
-1.2477831819648495,-1.4137144969049802,1.192507512477975,118.5406088570431,1809,854,0
1.6324113039316352,-0.11122606134870032,-1.7785875840065168,97.16872287890033,1786,74,0
-1.4301413779606327,-0.9039076414647897,0.31965182591897723,109.2821057100267,1272,563,0
-0.44004448669698376,-0.7355299425897666,-0.5041798310076715,72.70305641460627,2952,579,0
0.13074057728609134,1.2360931752104374,-0.08152267310164589,97.35386246644231,1587,509,0
1.4412732890661155,1.091310120594269,0.34767648353833636,91.5969279116018,1176,332,0
-1.4358621511794394,0.609138120907177,-0.4872285641135523,92.22050840860629,2719,93,0
1.1631637521549596,-1.092312764672579,-0.6757080791616118,97.77727216764052,1830,688,0
0.010233061019587049,-0.3164084496948019,0.0341524174880246,90.2751421190369,1642,657,0
-0.9815086510479509,1.2130976999791834,-1.0872459388628026,80.03436585118662,2898,519,1
0.46210347426327075,0.14171691363990474,-1.0858251288851855,69.31458860663828,2072,269,1
0.19905969557347003,2.319329539981694,0.6793732829565033,103.80069316392414,1566,376,0
-0.6002168771587947,0.39331783939437187,-1.148794035158656,65.83907010022304,1665,834,0
0.06980208499001891,0.1920491164900316,0.6663125009092119,98.46480143080899,2378,4,1
-0.3853135968617602,-0.3091164642025014,0.4625912928539512,66.33329758545287,2735,138,0
0.11351734525124804,0.1335409047822823,-1.7258067287905967,93.77311189681177,2331,231,0
0.6621306745210467,-0.1524698363805439,-0.6775646523356551,102.29547869903203,1867,600,1
1.586016816145352,0.7081086766885905,1.1941094030473725,65.30997222345775,2908,529,0
-1.237815498826849,0.9567023167945841,-0.9811655311396816,54.19603106029158,2653,52,0
2.1330333746562666,-0.7859894605079495,-0.46440426230938764,59.16816200959219,2798,646,0
-1.9520877995225019,-1.331232953557778,0.4620608932518965,92.41978770897178,2069,723,0
-0.15178509503558332,-1.8362053731032966,0.7833905092825955,109.46124843580148,1301,325,0
0.5883172064845765,0.5079913269125437,-0.2515388860444957,53.14977748647971,1867,992,0
0.28099186773503265,-1.1033666061738736,-0.5975101946916416,101.39058813291524,1911,970,0
-0.6226995198205938,-2.152890592952483,1.4223698616985077,73.89230521650364,1407,905,0
-0.20812225035727522,0.3885786045309641,1.7388996637975789,83.49698589436657,2212,731,0
-0.4930009346588328,2.4929995174327906,0.9788580507817954,115.02016848918959,1821,717,0
-0.5893647569442115,-0.006070911539893324,0.08531814256502405,73.23800533150919,2853,723,0
0.8496020970210246,0.8384907744516419,-0.8082657216409264,82.57358537576403,2152,277,0
0.35701548596504734,0.08182935854756501,-0.8304444065565653,50.95776903324768,1560,536,0
-0.6929095952606542,-0.09888965319114267,0.5225141052657575,55.71191040033869,2560,486,1
0.8995998754332507,0.9190764829877686,0.4183982208886837,68.10141137943488,2289,516,0
0.30729952087660933,-0.29027454418865134,1.4015985929464294,51.949656857475205,2141,152,0
0.8128621188389601,0.26739231407190295,0.6504500925361392,94.19627282337757,1463,955,0
0.6296288419236122,0.3216978061960136,-1.503080301759818,79.84788497611358,1143,483,0
-0.8289950109220723,-0.6680904536430488,1.0519476177229186,88.37016419096153,1441,259,0
-0.5601810401969696,0.9920423495365228,-0.9980606273144129,62.22530301274307,2223,324,0
0.7472936051232618,-0.17495975669540864,-0.3839712719523516,70.71524206056313,2180,869,0
0.6103702654334648,-0.7557451594928447,0.2502002062516945,96.46771323969077,1486,168,0
-0.020901593964148132,0.5365098435704035,1.9956674897839644,117.57119065412799,1859,688,1
0.117327383308782,-0.8984679817910373,3.109918556005361,53.529174152154646,2157,310,1
1.277664895788425,0.028181157369128247,0.6067230591361827,112.32690245986862,2935,803,0
-0.5915713888358299,-0.009118996644203544,-0.18319661872038787,90.38168409178459,1147,479,0
0.5470973811700379,1.085895565831578,0.5345056484805503,89.47436967289366,2359,56,0
-0.20219265243389406,0.4746982328799528,0.8876554258738361,85.01949746454322,2094,620,0
-0.2176812032272203,-0.025026958745143917,-0.3206676255571917,54.85758601329284,2256,473,0
1.09877685198719,0.8177662992002871,1.7952113559123222,56.29137962153125,2357,296,0
0.8254163489880298,1.3902075490173134,0.23007075919140207,92.06384039613603,1810,461,1
0.8135096360006385,0.5578103063518622,0.49774308909139425,73.86710000048907,1665,324,0
1.305478807154329,0.010352619843380607,0.6659242520544614,114.20876466043765,1089,814,0
0.02100384163275905,-1.3118362323501596,0.4215866106144557,78.46133761516306,2357,846,0
0.6819529712949639,-1.0651136630753726,0.8389405004696122,60.029702109184875,1198,141,0
-0.31026675659345604,-0.30522470435466764,-0.6172531865469232,100.03031834514252,2184,667,0
0.3241663524884421,-0.6095122021592831,-0.5583017539460305,70.53473950087069,1537,262,0
-0.13014305436768459,-0.186971302985446,-1.100154232971695,86.78292151491252,2144,785,1
0.09699596499271819,0.056649924897107164,0.4395012306202264,98.8482949853619,1300,420,0
0.5951570254369136,0.5296927543567308,0.7789365035121141,113.01848778414492,1723,744,0
-0.8182206832334725,-0.07049877805909122,0.4577728661518858,105.45338363611734,2598,241,1
2.0923872756854602,0.4865016438262019,1.6744924333475373,97.34527475109068,1962,355,0
-1.006017381499702,0.06447441481012024,-0.005596018829046555,97.57432276766005,2459,849,0
-1.2141886127877322,-1.9754665663538713,0.6687416555925126,116.21472508224606,1067,770,0
1.1581108735000678,-0.9393353938187543,-1.0917008761393143,70.70768682475753,2788,761,0
0.7916626939629359,-0.14408755572161547,-0.387099702474401,50.07784659373312,2945,589,0
0.6241198170521551,-1.2096947428411076,0.6955377575657775,69.03681915787391,1458,180,0
0.6283455092642799,0.5999287299962045,0.849102110743144,65.25239657387208,2537,66,1
-0.012246772846914623,1.5307508323436974,-0.29396694766418224,96.32842095797987,1397,820,0
-0.8972543714858315,1.2187618516973167,-0.07159925185806683,94.35981198358704,1619,348,0
0.07580455819372633,-0.213442870930208,-1.5178737466808094,91.54229678933066,2309,171,0
-0.6771617115121117,1.490726136849952,-0.3570292008066094,51.13704102466176,2584,474,0
0.9751197334177512,0.14866745720211155,0.8903831635197862,101.01446381154533,2163,534,0
-0.14705738150213865,-0.33708597111803934,0.5752050161065663,72.6471288739844,1729,367,0
-0.8254971967925115,-0.6134026635409398,0.5006657213812097,96.55391923046417,1555,107,0
-0.32138584165299344,-0.30246968648812833,0.04977368718096008,88.96048999515074,2952,439,0
0.41293145427562433,-0.38817681854122876,0.007063158628176452,73.9911647799535,1780,835,1
-0.5637245528039747,0.1704162223754877,-0.6603211394734471,59.42033869728754,2613,227,0
-0.8222203955664315,0.1605739810498646,0.6988284202025348,56.609322836233666,2751,444,0
0.2436872114919123,0.0030460201534144695,0.4209729443893898,108.20628331785565,1893,442,1
0.24496657110872277,0.43693816974634986,0.49201884799279927,114.28782794570905,1609,396,0
-0.5069431753711298,1.1906462747863413,-0.5260348426675804,95.48516327350097,1747,728,0
-0.4710383056183228,0.9495541354413237,-2.1533429198712444,57.24038804023384,1281,581,1
0.2320499373576363,-1.4848979684499035,1.0971527117536957,78.14190518217686,1660,84,0
-1.4480843414973241,-2.553921134901955,-0.47883745600840416,101.025744007361,1923,615,0
-1.4074637743765552,0.9343199112392737,-0.8627757640431206,104.58746188070477,2839,551,0
-0.718444221252436,-1.366878698415421,0.6934789119139937,58.2753035603762,1995,13,0
-0.21344715171184725,-0.22476540189268354,-0.3920126399191296,50.00215031917677,2959,809,0
0.3109075655980046,-1.1701130260593595,1.0599363840466218,99.84959321164234,2601,825,0
1.475356216949552,-1.8019804375800197,0.6170059495766975,74.9617323190344,1745,693,0
0.8576596232020194,0.541462728204788,0.6835693232004776,67.81369321327821,2480,493,0
-0.1599385299634271,0.7591551603026468,-1.3659557112005343,50.90282288526678,1086,268,0
-0.01901620790268883,-0.5765104007267194,1.2119439853864005,87.82095847330498,2102,525,0
-1.0025293646378088,-2.59104229214491,0.26125053123385605,109.58055147981872,2228,120,1
-0.01851313599238993,-0.5462444482524828,-0.36927713924620315,117.03421523908115,1790,970,0
-0.2886586389201383,0.3918040054025465,0.14338846734225108,89.60214654293024,2360,353,1
0.3227185603380895,-1.4789115687741288,-1.77623523289832,86.0122929417926,2277,57,0
-0.827230943552323,0.18335991977915564,0.40865281148067084,55.953946984246876,1303,40,0
0.5193465142411723,-0.015309849172995557,-1.0293715081820716,88.42109610798198,2403,886,0
1.5327389130025777,0.5792914996010884,-1.3526702858435344,76.59853552757762,1129,336,0
-0.1087601484568576,0.11958036841415326,-1.5223591862178911,92.49946966185038,1595,640,0
0.40171172209894146,-0.9730689408815555,1.1126883749899252,77.21084435135828,2299,173,0
0.6901439917111125,1.1965715016644913,-0.6292633936927887,66.82093864152567,2722,547,0
-0.40122047188583626,-0.15852957302697002,1.5337277099164992,56.647569265986355,1557,259,0
0.22409248181041677,-0.02730453950993186,-0.5358014630522978,72.0442911212227,1898,888,0
0.01259240078179486,-0.933267959073196,-1.7073579575929467,56.76513840014266,2206,517,0
0.09767609854883172,-0.4432822511915103,-1.1165244399486591,62.38278655767888,2291,730,0
-0.7730097838554665,-0.8848027140269009,1.2358116200069387,119.11353110056821,2831,523,0
0.024510174258942714,-0.172946059923423,-0.15589817793666752,81.0872489834633,2345,894,0
0.49799829124544975,1.7117084801423434,-0.5482872964906009,87.23102365535115,2535,839,0
1.4511436077950417,-1.3719011429313563,0.1600182258527877,111.15329701160508,2635,117,0
0.9592708260852069,-1.6135613978767411,0.501782736167545,119.68982303434815,1077,184,1
2.1531824575115563,1.4711703274936085,1.1173988159024608,90.79001145412771,1783,906,0
-0.7673475628880495,-0.20932367715186612,1.4484992298929262,106.87316747309202,2362,874,0
0.8723206367206782,-0.6690727386599166,-0.35976864578908574,72.88587170356726,1673,116,0
0.18334200573835174,1.0399046873960764,-1.3260476860820383,71.40207702131038,2579,162,1
2.1898029332176723,-0.6056155397368641,-0.413465161123276,78.18926046961921,2532,579,0
-0.8082982853551515,1.8260097135469362,0.26028050658288615,97.07550838715544,1237,712,1
-0.8397218421807761,0.6779258713392691,-0.9637589262106109,97.75341824785691,2157,543,0
-0.5993926454440222,-0.48791140814570266,-0.9571509148950429,72.06676042546155,2996,587,0
-2.123895724309807,2.1573082132655035,0.34378788154988543,59.32469468956401,2215,237,1
-0.525755021680761,-0.6057149230033384,-0.04865235157045115,94.2677379525856,2379,839,0
-0.759132661553698,0.742095372009307,0.03279699541158651,58.982810353213516,1277,66,0
0.15039378647620763,0.2992925804064919,-0.7584953347000695,90.4944755760531,2041,70,0
0.34175597577715944,1.301741289398798,-0.23040071420576733,98.53954896394163,1523,809,1
1.8761708392158862,1.5615111967268527,-0.9242331442683044,99.04280474761161,1179,447,0
0.9504238381860503,0.032004149065766624,0.8901984111247868,102.74304774617177,1122,416,0
-0.5769036556624031,-0.7534178703461835,1.0352493347237526,111.10015950959652,2269,532,0
-0.898414671348358,0.4599721429391164,-1.8461878622380938,84.9971294375352,2757,441,0
0.4919191715065057,-0.6777153697521061,-0.92951086019241,101.11744326706997,2396,738,1
-1.3202332070206422,2.013387247526623,-1.496529255090079,93.34209147560857,2074,946,0
1.8314587658543537,0.13653533108273744,-0.6500239344068982,63.06479578583778,2094,464,0
1.179440120721287,-0.3653215513121087,-0.08343796979036086,51.79827514085857,1479,921,1
-0.4691756521047048,0.1846803058649084,-1.44964521969853,69.91789699738536,2583,396,0
-1.7131345290908775,-1.3471262895296965,-0.9218598131253132,81.01235944363336,2042,711,0
1.3538723741654128,-0.9716140385106515,-1.0039573720814985,93.19741611000595,2797,551,0
-0.11453984525261789,1.2004139079444254,0.20726732939894396,109.49715313522438,1083,657,0
1.2378163119734618,-0.6568942789713957,0.06934433703625043,63.737200169431595,2178,557,0
-1.594427658794367,-1.0469109826819396,-0.7217375533372533,58.7884852928934,1564,395,0
-0.5993750229537729,0.5366527525272862,0.17682087213939798,117.44359632320293,1618,326,0
0.005243699718183166,1.185704154662997,-0.5466800845872654,57.5631191563485,1356,893,0
0.046980593764742055,0.7189533106650667,-0.2716551103260533,83.49437490750324,1815,919,1
-0.45006547147924364,0.9960476858058164,1.673452090298537,90.98946101553113,1646,91,0
0.6228499323474987,-0.7567950885694608,1.340461051790348,87.89620946352068,1442,750,0
-1.0676204293825944,-1.4218106667418438,-1.2995812369275976,56.02225099230603,2092,70,0
-0.1423794850212935,1.5013336519554867,0.8297324178791745,53.991883980253355,1522,166,1
0.12029563171189886,-0.32267983884213575,0.8113965544915921,57.3838399222725,1142,642,0
0.514438834058749,-0.25083301645504735,-1.1482632887526183,90.99113787108288,1191,214,0
0.7116148780888898,1.328194141849058,0.8187776437548606,88.10414213440248,2410,852,0
-1.1246420918378692,0.5562300094006599,1.5379319184125528,66.3618554425721,1377,601,0
-1.5341141707356223,0.45588777208160763,-1.1225448062444139,94.64418992919141,1580,335,0
1.277676821898509,2.165002344901084,-0.9175028210142636,107.40472514389546,1534,764,0
0.33231401197959165,-0.643518230380143,1.0176614668435024,52.910527189261565,2716,369,0
-0.7484865365565536,0.9278401280812372,0.271495310825648,84.86909604836296,2316,861,1
1.551151975522523,0.0570131248970845,0.5514762752395233,98.25172884718832,2032,584,0
0.11567463429285867,0.26859227886325693,0.3405892164004968,67.6618348948781,2294,677,0
1.1792971840638264,1.5284684264125317,0.39069592092814415,71.54396337052043,2410,49,0
0.06751848141010895,0.5078357562896237,-1.326472128311083,92.95465320925686,1092,52,0
2.060747924881987,0.538296079049633,1.0473177066214483,112.85547054106158,2989,289,0
1.7553408424432044,1.0725073373098022,1.1695899924277735,106.69470942120296,1528,790,0
-0.2489641484790735,-0.3649527295428853,-0.22939074406802776,90.81911533697084,2177,626,0
0.9715709509543554,-0.8392096673390064,-0.04347694981386243,101.11552024300744,1404,239,0
0.6453759495851475,-1.0448091940210336,-1.5311075025557221,75.5375729145459,1839,133,0
1.3686315575323487,-1.9663565893760018,0.5142547560178349,94.86758696691304,2172,999,0
-0.9649234605801045,2.056207129940322,0.5720574417141441,82.63271137892899,1888,786,0
0.6860514599984393,-1.1032083657216831,-0.062191016999311004,63.295529552029265,2290,166,0
1.0584244868495878,-0.221253623585772,1.1243533598705027,99.121679171408,1421,374,0
-1.7587394864231143,-0.27681329988892067,-0.3340772309799405,88.95252461441754,2863,373,0
-1.183258512665775,0.30740669780910074,0.5646059258936003,75.10351073675139,2641,805,0
-2.0392321777601006,0.8157372125392968,-1.0196643386921156,113.79374330550415,1471,478,1
-0.26940683444455776,0.8604734883597454,-0.02355215087423812,51.46538824787133,1892,755,0
0.7175422557959623,-0.5830774385689385,-0.17435425790283585,72.10412058746472,1546,479,0
1.502357052096028,-0.1671217137864115,0.22530792204094158,53.98169784443526,1630,832,0
0.07409478041977519,0.28257995048829965,-0.3695269288333586,103.65691213551389,2549,650,0
1.6286155455712918,-0.24869112618354708,-0.1314725956716678,99.14752178796547,2526,591,0
-1.3801014582148914,1.6073455760199926,0.8260471714415063,73.19465531154219,2037,682,1
-1.7033824393551547,0.49097495163825133,-0.43676423723821745,97.29640315449511,1777,635,0
-0.05554769889661878,0.7348777860498175,-1.6065771007386793,77.7156058337165,2675,688,1
0.3840654489393073,0.6628812686674127,1.7495839042054206,102.9377653995704,2829,300,1
-0.03269474809409311,1.173473857485325,1.3814540786904865,81.79285639156943,1363,82,0
-2.0674421000398766,0.18102155870370695,-1.2922626951056186,78.85958094821659,1118,87,0
-0.08912003951278841,-1.2968319479558466,0.6897078052451944,115.43109408418107,2261,225,0
-1.3044695005048532,0.3996879517526416,-0.5029747705513431,67.56153699234902,1545,16,0
0.6696725488300385,-0.651356893791829,0.26348721533105957,58.43131379975958,2192,822,1
0.36659824609684827,-0.5286166817497568,0.2942241290134937,90.91801792816207,1521,358,0
-0.9398797863273552,0.5863640187550933,-0.234407800316322,117.85252685989252,1633,163,1
-0.5138669173366935,1.2382830714336357,-0.7837656655863965,76.44874496090307,2936,610,0
-1.0592135218889516,0.02127157673606165,-0.6905410523162594,54.342573454014705,2680,668,1
-0.06267909727317188,0.3088330125989638,-0.9161919154812425,73.75136871166973,1962,514,1
0.9551423205012383,1.702214944635238,-0.8318222082304447,85.41521580236909,1957,350,0
-0.9857260463355437,0.24075317948856828,-0.06717829004935526,61.33461046425496,2758,909,0
0.5040465155178444,2.601683114180395,-0.7157599891107518,96.06715526395445,1882,681,0
-0.5302576183724408,0.5655096456315442,0.6820520657126199,119.84245723071405,2792,464,1
-0.7928728322623442,-1.7607627591558177,1.4872461553359273,81.62176331870107,1779,827,1
-0.10703035995455783,0.7533416211045325,-0.580053241370043,74.83099897111488,1870,837,0
-1.035242322419374,0.38115838488277776,0.23940450053537707,78.04929167841266,1515,375,0
-0.553649305347182,1.2897527540827456,0.49968511030293383,58.06023248766408,1937,92,0
-1.1978778925888485,0.6731813512699584,0.4720022709192744,111.82915209983567,2420,181,1
1.9647251329163893,-0.13845598398377382,0.07595526791608741,79.03779588649464,1865,743,0
0.03526355197172861,-1.2242982362893657,0.7426824183597224,77.1092087997389,1105,301,1
-0.6997255079925856,-0.20902325728602528,0.4822489526806572,96.1783191051332,2108,660,0
0.213979910734222,-0.8505204542093001,-1.2376624223272978,80.94233946517865,1213,792,0
-0.11232804969082982,-0.5805234498047227,0.8691560643892732,95.37634281654923,2144,189,0
-0.22096959953322298,0.5885784044206096,0.8872908372667421,54.301240309155126,2155,859,0
0.6141667000434252,1.6699045043514062,-0.7632861041785816,106.96063406055592,1849,862,0
0.7575077100473051,0.3946715298229811,0.03793783544760203,115.83527670155819,1196,314,0
-0.5305011476105275,-1.1958830620351844,0.6833289928110694,95.41357703115702,1018,493,0
-0.57581824064468,0.4446026682201407,-0.20931381957936157,116.81961502011676,1641,923,0
-0.275051697151644,1.196631486645651,1.0729780477660118,60.600262005897434,2035,922,0
-2.301921164735585,-0.6097829043193822,2.3638724946193608,83.41913326362476,2104,128,0
-1.5151910621985523,-0.1340171666729177,-0.7859860326349823,92.12647137618131,1329,519,1
1.3668742674445247,0.014688194729197093,-1.3810446031537749,90.72156531948306,1865,426,0
1.6449677135012837,-0.78489831308224,0.30381859560487573,78.10232453623303,1773,559,1
-0.24903603955637832,0.648280433843859,0.7215625051261435,73.6659086556383,1391,565,0
0.5765569630557664,-0.12094814860778157,-0.23086637384476896,58.87768157852932,1636,187,0
0.3112501545435361,0.41953244390702776,1.4532606633210343,77.42197153935948,1306,550,0
3.0788808084552377,-0.8874921778021001,-1.3386057997232488,61.38625705738396,2290,453,0
1.1195749114345768,-0.43745830032341043,0.6929186230316111,101.4055973544553,2470,471,0
-0.12791759148076653,0.7223813578277714,-0.6058608207588934,64.6181654846213,2464,988,0
-0.9555404406004258,-0.372833152091767,1.7193779062072967,54.09957136991737,1894,738,0
-1.6064463202575725,1.7269638512334051,1.9925153531681183,88.6656296472064,1651,565,0
0.2034636358672231,-0.39963618561460235,-0.7666565877833479,91.66608129035811,1840,911,0
-0.7563507452843033,0.22468472575188592,-0.5495571359085801,111.03391428963539,2025,224,0
-1.4222537095976742,0.9325908318730899,0.8595878869798019,90.38871286923774,1519,154,0
-0.6465728842425266,-1.4183657329330317,-0.3871306497895146,74.1836597606412,2785,560,0
-1.081548003614395,-1.7608088119807759,-0.04541121793223822,106.21083170684244,2674,351,0
1.6871416350725648,-1.5256563145700948,0.02538842054241018,87.81952252311947,1635,147,0
0.8816397569494505,1.262584103427182,-1.9196731561976563,55.549619924183425,2332,905,0
-0.007972641316617372,-0.5518581458924467,-0.01383774609423725,89.60953922192726,1739,576,1
1.4799441388900259,2.5581992856682523,-0.6897277740641738,113.56129817951637,2545,349,1
0.0773683076476183,-0.5642475986573886,-0.493122822399772,77.74188378487544,1468,182,0
-0.8612842013282637,0.18455130319703697,1.4436320034688142,70.742806132986,1211,637,0
1.5231240772696573,1.5421099525678756,-1.2565068942792563,60.042861991261404,2135,179,0
0.5389100436846587,2.006092888159123,0.8132051867479773,60.60118653547501,2031,39,0
-1.0372461543264564,2.061503576636398,-0.2789629303318085,80.29400390392732,1803,772,0
-0.1903386780836082,1.2083662305931424,-0.2797601684958344,91.69758769130706,1476,894,0
-0.8756182533847572,1.0240625258114624,0.7903718960517113,55.64307836187212,1873,3,0
-1.382799730964336,0.5925269492011831,0.34005129456889044,115.7698012317616,1459,64,0
0.9261775475316414,0.7783610761666377,0.570612997219531,102.85935322116372,1252,29,0
1.9094166404701305,-0.5511857163285334,0.9681846605328611,91.06367427985639,2549,372,0
-1.3985675738191412,-0.8181988834223072,-0.33130838318332273,107.99070696572936,1751,523,0
0.5629692366905709,-0.0033744574109520514,-0.6122367345077503,55.61307297684793,2461,97,0
-0.6506425691218269,-0.17018462252492844,-1.085150526557798,83.3787214413187,2777,870,0
-0.48712538376469605,-0.4532280493272752,-0.8254105299789551,94.10651888031643,1980,442,0
-0.5923939242388692,0.6963874474567153,2.9490944253087252,108.00570342828024,1853,203,0
-0.863990769679816,0.9553052085705107,1.2446795807367868,104.84286920344874,2684,411,0
0.04852162794482699,0.08840688629184736,-1.3510743662080213,69.39484747993798,1235,993,0
-0.8309501164110378,1.4775300810552618,-1.3224579567435701,115.8616118691443,2329,21,1
0.2704568257798388,-1.141689114133505,0.4818660617184915,58.70420890016092,1477,551,0
-0.05023810944913695,-0.19365945927971812,0.547264797377967,111.25935330348065,1678,735,1
-0.23894804686640975,-0.7168223206028049,0.5488838353173644,117.9658174723233,2043,102,0
-0.9075636620415979,-1.86653661707306,-0.25495579355369785,62.40074662558379,1215,46,0
-0.5767713305683327,-0.08268068584269925,-0.12545426000290022,100.54462449426497,1854,66,0
0.755391225825756,-0.12174750838328353,0.3278795241593574,52.81998631445989,1134,603,0
0.5009171876243808,1.513449743242131,0.08589300629333041,78.37959775974085,1904,164,0
-0.977555244798551,0.6308116845547775,-2.219300372747535,86.13983094383718,2152,971,0
0.09933230542922587,-1.024186824329205,-0.22979963057519381,90.6451658136744,1409,111,0
0.751387123371789,1.8540925663341883,-0.8514064342603136,115.51560737739916,2445,338,1
-1.6694052811213718,1.221033695525353,0.17521141890851205,97.05754811059363,2317,123,0
0.543360192379935,0.5820977034686158,2.98525900260341,83.68945658534659,2269,705,0
-0.6626237589458467,-0.22648409884983192,0.3674816654743044,106.67725253861225,2724,447,0
0.5705986685931593,-0.9594392367234797,-0.3135296861723979,116.53729746680862,2579,611,0
-0.7632591565425169,-0.372206776071053,0.9218015019772522,51.54463040776036,1085,291,1
-1.804882100664519,1.088748619704186,0.4826878872092127,118.7764890579227,1555,671,1
-1.6275424378831627,1.884586305934609,0.4200944904518413,56.02924973445762,2865,412,1
0.048084946661381994,1.543243528272189,0.606850593215671,107.00707454881329,2398,615,0
0.25972250172148187,-0.4888494217862741,2.0565435648295414,69.62343267859887,2469,897,0
-0.9043166251044086,-1.1196174332890112,-1.1308884353259157,59.252576042771025,1377,281,0
0.6385924587773739,0.14088624691120394,0.47363207681145447,80.78989477996845,2413,43,1
-1.6615200622689599,-1.7684393655628516,-0.9263811299815384,95.07696056133295,2680,486,0
-0.06607979864731657,0.32316771418478146,0.5555126463422483,76.66662915164325,2074,596,0
-1.2110161997624567,-0.14760258629866868,-0.9186865114860944,53.819578579788924,1241,963,0
-0.6518361078021592,-0.46603650186824225,-0.4173668136050844,91.96227977611017,2317,703,0
0.047398671316414016,-1.5947030672667954,-0.2950899142379063,113.16822932774724,1919,51,0
-0.8604133652839524,0.5136001065697166,0.975816719344709,76.82507561630761,2586,898,0
-0.38455554422982535,-0.5327008396619114,0.9184544439424138,65.1432944341579,1265,210,1
1.0062928092144405,-1.169916835710288,-1.2457173764463845,80.98041421529707,2143,126,1
-0.5768918695231487,-2.8722622132816493,0.054934110999848726,53.38538977341466,1711,492,0
0.8356921120651418,-0.027514905050636255,-0.7095798547491726,107.43413091361924,2940,509,0
-1.129706854657618,1.772251596669744,-1.2585049106753345,107.84385676651307,2271,960,1
0.5298041779152828,1.66125921454787,-0.21701705042437042,91.16003244007399,1069,970,1
1.4415686206579004,-0.45709625658627184,-0.3084827884558197,74.71720222568726,2876,581,0
-2.4716445001272893,-0.6022120603617805,2.4267164863455224,105.98483551120484,1056,777,0
-0.7968952554704768,0.46877425607502377,0.43295982536069616,88.8280917351857,2405,258,0
0.57707212718054,-0.9983854391882915,-1.3776175007542373,107.81526159850114,1038,930,1
-0.2030453860429927,0.30179189981946597,-0.5647740041709423,94.20211548081144,1800,188,0
0.37114587337130883,0.7660802783846903,1.0213832954293984,104.9083831248958,2466,230,0
-0.6039851867158206,1.2269332238843076,2.088442772869925,91.8994095252432,2041,189,0
0.08658978747289992,-0.10015407647995278,-1.5859833122379583,78.98987477509664,2975,415,1
-0.15567723539207948,-0.20367375017696587,-1.879924385139045,117.05621019482963,1731,10,0
1.1677820616598074,-0.877982586756561,1.8709651753717822,87.87796774151913,1824,114,0
0.2544208433012131,-0.82688035403986,0.38961417737090387,92.35626629783769,1755,76,0
0.3376026620752022,-0.22647889190152676,-0.8682927318763665,65.43413475903245,1351,676,0
-0.4118769661224674,0.3673655068161781,0.5346290861224353,93.79555525990935,2995,502,0
-0.48760622407249354,0.9135846262332494,-2.6357477390168778,90.01253546380607,2839,85,0
-0.4325581878196209,-0.8031789506803448,0.003375506597160999,62.93868785629175,2321,49,0
0.39445214237829684,1.4926885689595217,0.32782117284308526,54.17109681472006,1282,495,1
-0.42098448082026296,-0.2711236010425688,0.9242701395378298,92.30515238003397,2609,838,0
0.2897748568964129,-0.021367294348436157,-1.0138959522925377,103.45845885452243,1109,689,0
2.075400798645439,-0.7472116791478234,0.08568716140335904,86.63809596454058,2016,387,0
0.8711247034316923,-2.4242402602729416,-0.9254246260595873,65.8740837723752,2203,970,0
-0.32602353216784113,0.8840453963610497,0.2553837556743171,96.65653836851244,2961,389,0
1.2012139221639448,0.7368438970924334,-0.8953463223630241,55.60740086267216,1543,218,1
-0.4080753730215514,-0.2813275571182134,-0.4081008391602206,80.92835933613682,2769,701,0
-2.038124535177854,0.06699071722487192,-0.9958153947902291,61.43567308788941,2817,981,0
-1.008086310917404,0.5159392177040995,0.651136241823657,62.912133574191834,1024,346,1
-1.8707919210258557,-1.5625458568865427,0.8584511166566653,64.16057644107426,1842,230,0
-0.35151348404130867,-0.5290526773462948,-0.2346205699574138,77.06949399307845,1790,255,1
0.0184183791895517,0.7942646796218271,0.03823799496002834,53.58051439342783,1737,236,0
1.6764373122752827,-1.2542894231692494,-1.4485914146335441,77.84554086503687,1056,26,0
0.32692737376416264,0.2935579321666293,-0.29967664800678706,85.81952129802906,1179,584,0
-0.21910052880886424,-1.356581804623405,-0.05020461704174478,83.83059994764277,1231,261,0
0.8294055811834892,0.46642998243352635,2.620793091029975,76.79488702821284,2917,766,0
-2.211135309007885,-0.03564148229748357,-1.1119670257741636,108.74026256495267,1342,271,0
0.23561455810856594,-1.6151318159055095,1.4641772387524374,60.172868469435286,1476,123,0
0.7708651938869668,1.1647393544571714,0.996858773465808,85.39877206469617,2822,656,1
-1.4785862457798415,-0.7345915767980492,0.2806364044901364,54.3428991869588,1575,257,0
1.143754043206929,-0.810252437014381,1.7586204841951334,54.980897521453684,1454,656,1
0.3384964074944141,0.20056919723094285,0.3721054726068629,90.17060947739674,2255,421,0
-0.4152879139008013,1.1486373494287152,0.3891591956679287,89.62128974214747,1288,259,0
0.6327818661062848,-1.015821818978397,-0.053120653017545344,111.462345899112,2236,948,0
2.270692857804396,0.06167984984797165,1.2235688824186275,89.05115729620512,1257,47,0
0.18186625505849516,0.42881650033057295,1.0964692338108837,117.18537142833951,1529,863,1
0.24822058630033608,0.6931056072631441,-0.6256772874962124,53.40863938799508,1686,525,0
-0.4593608995402441,0.1764415552772252,-1.3192471945987674,56.86053793465187,1928,888,0
-0.8498443694647918,-0.3670278390833223,-0.20298063739565708,53.084610309926695,1228,208,0
0.8303358165442456,-0.8275902206487197,-0.8000385643976464,62.9693795233478,2249,311,0
-0.8560838259088672,0.08614388304637476,-0.0635245746153551,87.88890776591747,1595,747,0
0.07156623721939247,-1.072139011985607,1.2374381346841392,95.19005269991996,2826,149,0
-0.4776574467651167,-2.9213504834946074,-0.45730165508679,53.19096105640681,1434,834,0
0.47897982574639186,0.4365598041576678,-0.04282338131157488,116.21796228919195,1881,438,0
0.3336621052869483,0.9039348410861953,0.058022734808395225,108.95157636552668,2020,155,0
1.0375399442578992,-2.3629324355418384,0.8484308822052846,70.76287375099652,2781,678,0
-0.510016398854747,-1.0097307047099375,-2.246889333984605,55.403127115852755,1401,90,0
-0.26987493529337125,0.6191542610051978,-0.6067002947652967,61.89209512533401,1621,698,1
-0.9787637157823074,2.0574954697116987,0.21128369227947272,58.886108962848084,2789,830,0
-0.4442932600761116,0.020793707675407894,1.2000789564268612,58.62986455092628,1087,358,0
0.3773004930448522,-0.7280029412291344,-0.49190244750620515,86.29931820660138,1583,174,0
0.7569886166453519,-0.18289644110484016,-1.876552706041874,67.20932097453802,2916,217,0
-0.9221653241776254,1.3748764191481848,0.6197114459661363,75.06978015704011,2565,907,1
0.8696059201056602,-0.6459641791245353,-0.6353623888256293,119.26537333690257,2707,456,0
1.355637858804951,-0.7991920066502536,-1.1896666590903613,97.90199742477412,1308,776,0
0.41343490322370086,-0.4827435221820324,-0.6243453897132241,116.42864669329009,1905,609,0
1.876795812558066,-0.9533286082587124,-0.18452535765584954,59.978958852318094,1342,629,0
-0.773789199103573,0.12267031599479553,-0.6047446645382127,76.74976323827985,1435,199,0
-1.244654703311417,1.6246784584695606,-2.205566057099069,88.83122622976481,1176,832,0
-1.7787202489042786,0.3230792731160291,0.8970661968871322,55.37306433221166,1138,486,0
1.496044311489183,-0.2523535021262876,1.2748750412787222,50.29312105395705,1193,533,0
0.6543656563540577,-0.2918112689155441,0.6515219913395057,96.93040336578423,2209,200,0
-0.05558467091045507,-1.563190808696657,-1.1376856704248166,94.92736617610048,2241,371,0
0.2799686263198203,0.883109777147159,-0.20149153394751798,78.75521669997282,2187,959,0
-1.1254890472983765,-0.07783719701280203,-0.006521315229458062,84.27508532224229,2184,853,0
2.4457519796168263,-0.18047991359062565,0.5987943895619102,79.08101004144628,1942,448,0
0.1292211819752275,3.193107567844861,0.6683404887180808,51.68035313914222,1524,248,0
0.10939479460489289,0.29875290836568624,-0.7341737987784958,73.47601243522237,2831,788,0
0.725766623898692,-0.7517910500951843,0.08199555641356042,62.39575787781029,2624,264,0
0.4810092317367132,-0.4263575962055433,0.4572804046152411,56.88969323709581,2859,58,1
0.22388402427913137,1.1484457091967548,1.4558223221467665,116.97043037225448,2065,302,1
-0.7904744554453119,0.11327041053776446,0.7045065398247231,91.95518075295159,1914,31,0
0.4714683571359957,-1.4382779783173667,0.7890566873755189,101.00593989656218,1209,498,0
1.8820244964750337,0.9192289345752035,0.08382662792936094,72.07546202862822,1740,249,0
1.3454200461549777,-0.668144085538994,1.4104591452035038,77.52029906458107,1861,605,0
1.593186626639397,1.8732977762175456,0.4097627959594974,66.58467957277064,2298,777,0
-0.5112156764311852,1.0800480657146485,-0.8610879101735704,56.78759696757973,1953,271,0
-0.9896048202585809,-0.4473218956587512,1.4033699701251907,62.532214620910864,2302,606,1
-0.12578692009964815,1.281016361735113,0.6979032725390276,105.825983170754,2274,666,0
0.055724912288694604,0.0678555105274033,-0.4430440211284823,97.4282063628643,2333,394,0
1.0941915184709485,0.8527736751222195,-0.47949296739924335,88.28502131898338,2743,797,0
-1.6924646297148194,0.48473281729447476,0.2965755451407618,83.25629110067376,1832,502,0
1.5295503194606137,-0.8463566549908735,0.4631847952675847,114.57039985592871,1139,592,0
-0.15800789857898942,-0.643549832317462,0.19729226563120644,55.091446344506785,1791,804,0
-0.42688106994742003,1.0299608175811612,0.3113086734428849,69.64205692665412,1545,84,0
-1.0121043752601675,-0.33477533210654087,1.6999573745763805,74.49564974994999,2844,365,0
-1.6548566718657693,-0.4036484632419967,1.0715431522348857,104.76980685489515,2016,886,0
0.8231705839619146,-0.955122579349353,0.19063559126502433,119.47602341133799,2927,549,0
0.07331796718840389,0.42359906559346105,0.9413105807674833,66.84693603300072,2553,342,0
-1.2899608997410539,2.062524919243145,-1.0325239035275395,111.20151338959565,1056,839,0
-1.295078772063616,-1.0675329142542729,0.39792704994680894,108.14359323022539,1111,407,0
-0.3357846992901282,0.02421945667275807,1.80930634973311,65.72601783492367,1004,425,1
1.669021525289393,1.4122205554154292,-0.21804589539237385,77.95328061394558,2433,744,0
-0.2595913513636048,-0.07964139124571515,-0.8476339286190848,78.67710085047634,2437,93,1
-1.5031429531181062,0.4523717962497339,-0.6520888885930607,118.47544679685909,2205,848,1
-0.24574306408594432,-1.0623935281468797,-1.0896330373423884,62.66243309652288,2036,614,0
-0.2727235697476705,0.4283070972076486,-0.7847619081277034,105.94105797733474,2362,412,0
-2.6968866429415717,-0.18714426500454878,-0.370508098590029,73.3934899921177,2820,432,1
-0.05429486651781221,0.985729995679863,-1.405567019178642,101.16092420433122,2282,678,0
-0.23093453020867796,1.1873860515647512,0.015618333949603047,79.4007703006964,1089,159,0
0.6962063648134184,2.589563642018614,0.9022771737866472,90.4851834181578,1615,14,1
1.8489560949453452,0.5796331732135757,-0.9077561801469204,108.28282413282918,1890,373,0
1.1265650295477574,0.32579631658216646,1.5192839236417688,106.29158954887188,1697,225,0
-0.26888869055483056,0.19438430157733602,0.5107920885275947,110.64962284777901,2273,505,0
-1.1065259087416703,-0.35316629281068834,1.0305805856240573,54.17321277412613,2278,73,0
2.5733598032498604,0.33848384346169114,-0.6578345538521371,98.44353871278213,2611,249,0
0.05921843401448826,-0.29540141013902943,0.8545252270666157,59.7991163705234,1897,511,0
0.013929291912946203,0.1684609762696143,-1.091933900395313,79.10729976128877,1970,603,0
-0.024125087110003277,1.3175975356079597,0.8902475008365087,88.40118905382819,2131,216,0
0.19808476076785494,-1.0065425652796411,0.17183933979353122,78.19176393227815,1667,973,0
-0.14436041192394247,1.1398785611290454,0.5532512199847837,86.37281730621052,1593,602,0
-0.5736620068802363,1.3171150673398653,-1.1755946056248516,119.75684161590334,1588,541,0
-0.5468589412403921,-0.11806852699107874,-0.8950698422766047,59.46521195989983,1484,947,0
-0.03275327021599839,-2.1218548990085946,0.5972282182533848,97.28192317354979,1981,817,0
-0.543424771133765,-0.6078219870944325,-0.9483480042242007,77.72006764699307,1971,939,0
-0.7128457826771644,1.2969945465611092,0.46320629209912306,59.31068592351301,2281,988,1
0.10643022769189683,-0.022868062298882122,-1.3671378064602457,61.11157343620167,1638,220,0
-0.2549772174208553,-0.9993022322949108,0.8481742126666681,116.44911743719318,1996,840,0
1.5039929885826886,-0.5047749212282174,-1.232523314768509,111.57210476982334,2926,727,0
-2.650969808393012,0.840620026504553,0.5522999376795232,113.49293722905153,1281,221,1
1.0915068519224618,0.5467335682013793,0.6256309336460009,119.40729430791706,1985,389,0
1.246085192497629,-0.23893209916969432,-0.6967718184295749,64.58207730059625,2111,554,0
-2.0733902324081495,-0.36682441181468756,0.5820265670847269,74.88075361548432,2227,647,0
-0.34268759408034877,-0.3917581490438219,0.26044226333355597,96.84533209474067,1015,42,0
-0.37144086599579146,-0.9224101844985025,-0.5388418561927383,83.8661777902453,2174,676,0
-1.4075116947178212,1.6153756894694418,-1.008554684076208,79.28726733648335,1935,873,0
-0.7778166875908753,-0.3223204692113399,-1.962625691672579,75.04678745349152,1253,283,0
-1.1105758454658288,1.2171585208254965,0.3496500472996937,91.56464423604166,2211,58,1
1.7522704434236227,1.5213160519224513,-1.5648027713620551,90.29154000480574,1328,814,0
0.9356783931474612,0.9983108981479604,0.0953441994413082,61.30204838449681,1543,834,0
1.2715550949941588,-0.4316203127180484,-0.2634482160822491,83.02178862629074,1782,537,0
0.7216720640432351,0.40373009033660945,0.6791427754381955,88.7430243346895,1996,73,1
-1.1290517712172292,-0.024195606390916165,-0.3020454994898642,89.92008571119733,2420,885,0
-0.5245202662797737,-0.9037018607301281,-0.3294477863470914,64.70750350386463,2540,923,1
0.48937456122791806,0.324359281721603,0.7318707042882956,101.95899745766008,2482,129,1
-1.2221278088919454,-1.1790397911598025,0.3350580290841175,51.76393663747488,2353,599,0
0.7129984301723881,1.1876793884615637,0.3161559571827783,74.83822988802139,2843,842,0
-0.24032539815813503,-0.4646172972983931,0.46926758980852623,104.61488539749435,1844,426,0
-0.3748208075495975,0.2011596558728393,-1.5355721232071058,89.47250447387816,2192,948,0
0.7109599682034915,0.28328787154614216,0.756788679986982,68.28137027576022,2716,665,0
0.44426331148603976,-0.25890497370407733,0.6124687940136023,98.64671835401333,1365,694,0
-0.3609661658190799,0.5866938014752747,-1.0166831285764972,89.71736609092514,2201,125,1
1.159329803364248,-0.47490365662252443,-0.2440804736742013,105.7370526619471,1654,67,0
-1.0810633275998973,0.8712972974572442,-0.039307287627631186,101.45176303328763,2385,6,1
0.6159356069442637,-1.3459796802467485,-0.1344967844017327,92.70755454253643,1759,637,0
0.5931012579683838,0.12637957954641182,0.33385996656853467,84.17243727175699,1638,314,0
-0.3095464393139903,1.9389289990582848,1.4313667818311835,59.32274879672664,2798,326,1
0.326133022242118,-1.0003313246055747,1.0817667276728287,68.29331125197686,2063,565,0
-1.251113576385303,-0.6777449705248515,-1.3122191934314063,79.33696310419597,1923,578,0
0.924027019206901,0.513907849658915,0.6220699903060487,91.95095009044721,1415,826,0
-0.18490213644298903,0.17958178193959795,1.3289333195354096,85.95954986507134,2378,506,0
-0.5227230205190395,0.3506300992735592,0.38680852068920263,70.17291681716706,1254,82,0
1.0490092258368893,0.4891871301476635,1.090980425185967,50.452505045279736,2166,599,0
-0.7043436905427592,0.6347214685617699,2.012270445700765,84.73674553305698,2775,2,0
-1.4084612963635597,1.1096998419562232,1.0237095461069814,69.99381919935702,2763,204,1
-1.5566291735239037,0.40981865692851255,0.24930859564172886,101.42258104973746,2876,662,0
0.6060099513456396,-0.24125765461854246,1.0450884740847535,51.67623856893385,1709,805,1
-1.280429352496283,0.6725737012027313,0.14488783309689118,90.93794679140535,1576,404,0
1.7547941819843647,1.8998819348952156,0.02390304328495547,115.90319662542458,1899,103,0
-2.081929407883722,-0.13263374638257355,-0.35141423571373254,62.20864869780497,1010,536,0
1.6964563682900382,-0.9745293046706415,1.5634133588321082,83.01546435254167,2643,368,0
0.2110174672026184,1.1070806692869728,-0.8184286659420014,56.39953942719967,1025,212,1
-0.09671311187039239,-0.12038116395359824,1.532367724678116,93.79773385829469,1956,577,0
-0.5449190868089497,-2.172669546014036,0.49986412374037137,88.5372176417358,1420,961,0
0.39913611435207086,0.8474216771504216,-1.3993061748019415,78.51558669489826,2686,209,0
-0.037634702424848364,-0.5353281859539227,0.3676492929914216,86.49639150316189,2244,763,0
1.1033018820165215,-0.09053328230416077,-2.100026507651624,112.76022609283072,2876,897,1
0.11422764866203965,0.33198033056901455,0.6255080168310357,63.74060116177469,1495,117,1
0.1503017614618776,0.1904996797790664,0.885231482988991,51.57951581937431,2260,628,0
-0.36361221221385587,0.7094518171390395,-0.5923559556520536,110.31654192893707,1236,749,0
-0.056945623721067457,-0.43548637056984335,0.12354769595558233,90.39819576715345,2008,478,0
0.3078017688920592,0.5131057981760827,1.9541574337502863,112.34609188232898,1218,105,0
-1.7101683926566256,-0.2595466775839172,-0.5057467042619367,91.78616563892209,2510,495,1
-1.348185422105713,0.738810480887503,-1.0589075870566005,106.71127629717918,2959,771,0
0.743264094022715,0.6153674840130534,1.4816634024625988,80.07713543486035,1460,46,0
0.17086543812794186,-0.9354387020445953,1.9625871905307948,102.49019519017881,1662,823,0
-0.18398333635267913,1.0859821161750323,0.0036956718478473255,113.91290268228991,1634,331,1
0.01843393306539316,-0.535963445114048,1.0114630354083562,90.04860746055444,2167,216,0
0.34758170536167105,0.8080577982811451,1.341475915530881,62.65496053936657,1989,982,0
-0.5397596803093615,0.36728731340134063,-0.742484232538384,68.81583305211387,1188,960,0
-0.7783047254023127,1.8381836767951225,-0.4853058353678683,63.9051203828184,1254,492,0
0.19584525509768155,-0.22346598237185214,1.230874513154735,67.2799919317013,1067,813,0
-0.978372777615032,-0.3493167961181975,1.6850142787085094,71.44908145457255,1615,922,0
0.40825275571447184,-0.01941960588773261,0.5628808601743548,88.8593650727232,1335,845,0
-1.7025836042378404,-0.30317978283427544,-0.8798143535020543,91.1594140624683,1670,449,0
1.0291556373256436,0.7999419019420501,1.9870611116994412,79.85498230693028,1820,536,0
0.472597482413043,-1.616310608436588,-0.5309708978119645,93.07945458745849,1873,511,0
0.25602973431387566,-1.053682419146354,-0.33513778117145177,55.71024479279561,2432,458,0
0.9826909839455139,-1.067802921579193,0.34233783448962146,56.145176594071195,1299,547,0
1.6654744444625766,0.9503075919735757,1.5541604207147741,62.028062225036095,2931,536,0
1.0143700650181304,1.7106133725819253,0.8539759765522237,86.26542486282413,2625,540,0
-1.8408742313316453,-0.1044492185374715,0.41486550036191044,64.97962750888195,1356,484,1
-1.2795769667357015,-0.16882172319001063,0.4632885301181062,69.82990824448041,1255,976,0
-0.6248185776956788,0.07005216311318138,0.04351466864346608,78.02189853210959,2007,16,0
0.026091050210833786,1.1618783026081905,0.5581395145185063,106.83062868072659,1352,571,0
0.517659020469123,-0.9273531341905741,-2.529560077694303,50.97034951390021,2755,977,0
-0.7257438131534656,0.23836898273478513,-0.29660745906979835,95.45651741656357,2544,243,0
0.18676676447707832,0.9751976297824297,0.241321934916781,96.82135717284797,1523,950,1
-0.7553829323533225,0.5010941699398452,-1.151014083619507,105.90590462496456,2860,207,0
-0.6115178029919482,0.1895816165987434,0.38632331781156,115.29270573422193,1949,912,0
-1.4066610968482223,1.0010460925671412,-0.20447122098612153,51.40964942645029,1755,271,0
-0.9232332461109043,-2.703232292999237,1.75547569831549,60.764859385925135,2717,761,0
-1.3516846056163336,0.6778753195309076,1.5730197252148563,112.03199058391951,1283,994,0
-0.9758732529773327,-0.6540756831274238,-0.46580556911816284,82.09629935309107,2335,779,0
1.0536417966078395,-1.830632896856457,-0.15083771156669531,89.52134472534244,1098,705,0
-0.949398888831943,0.5112025995249807,-0.0739475656083926,96.41190426062032,1196,847,0
2.632382064837391,1.3736585451629577,-0.4516594761596227,97.53466231469461,1481,730,1
0.4933179008808892,-0.13744851462769186,0.19502498402812674,115.22182823215557,1877,115,1
0.1848361236948739,0.9528745472029388,-0.7582820688875902,119.78645921881687,2249,580,0
-0.8583577801812136,1.6122782579886454,-1.1306153349375263,100.41102226516583,2868,299,0
0.7003098794089914,1.3149144535840473,0.6227112239002686,70.10548464436056,1614,837,1
-0.5756378262377739,1.639964529371393,0.6295295842218108,111.58266816060404,1617,483,0
0.12200981464536144,0.7421274910718922,-0.8043157596599924,53.44546401785331,2388,397,0
2.5600845382687947,0.0754336389015928,0.8953554307625996,66.17565970121473,1367,394,1
-0.09605989972464987,-1.6019658118971685,-0.6315777291653314,112.81700022246004,1569,75,1
1.1492733262856758,-0.24606248812994858,0.2531652380379812,67.93340601075485,1589,978,0
-0.7031764251258874,-0.8432465953161917,0.820344012612456,65.44557417352239,2098,482,0
-0.0349884904969617,2.1709427174978138,-0.03361256470371301,59.66877051981731,2065,103,0
1.77080063563551,-0.1758858124323366,0.4547409121411344,110.13782303528416,1421,297,0
-0.6269670577877674,0.12320480678448567,-0.5164296438875717,85.00407814337606,1835,178,0
1.8124485579969287,0.5514853760404675,-0.19646658342809717,97.24252421379083,2204,215,0
0.7077519354554754,0.043602446372453724,-0.20585943088034037,66.73464688525208,1544,967,0
-0.5624667758942676,1.695051040430753,-0.7465783465402389,103.06282947078515,1070,315,0
0.632407739055521,-0.622649361734452,-0.1767741631157821,103.2003881473469,2591,39,0
0.9725544496267299,0.1946074552372427,-1.5486182988637467,71.88186174358101,2128,259,0
0.6218099622171964,-0.7424705856980482,-0.4911537471421047,78.7477843107198,2223,716,0
-1.5702247198904564,-1.3200225112207058,-0.28487549336967083,64.67831942011406,2124,7,0
-0.7271371758248686,-0.6117690909052854,-0.2561797524953801,118.3592716326033,1767,49,1
-0.24751863555150475,-0.03703679704841202,-0.24149744587077882,95.19218039408881,1306,538,0
-0.07443342910004629,-0.42930222451725997,-0.061764199860128925,115.41807165008609,2609,161,0
0.620672097550678,-0.692420979873856,0.4794415180860639,71.23698805403933,2706,869,1
0.17770100093325383,-1.4063174636718339,0.8745170741325226,104.73236390978228,1376,176,0
-1.3353443587101013,-0.08310557262869477,-0.6497652268482671,103.61010507193194,1654,591,0
0.3801978510059632,-1.5047203740310022,-1.2032008553891445,98.4158956306579,1677,2,1
0.6105857452838231,0.7600559636896026,-1.042044412243103,117.59472826867604,1398,895,0
0.5597904479310398,0.08243975293450329,-0.48720292119492714,77.54887352744208,2796,455,0
1.0807807255546218,-1.4575514994649306,-0.3519213178165091,59.15021265128301,1220,928,0
0.8339221545489041,-0.30920907704986345,-0.7699960661974573,97.01962014708425,2618,644,0
0.4591800792284367,-0.7521564055905832,-1.2961166642498945,101.05168603340442,1181,276,1
-0.07016571145864703,0.31917451041918043,-0.4561208274741882,90.25424014211703,1306,498,1
-1.6609609335159914,1.3404504460231446,0.18142662011397137,64.47725251933774,1521,629,0
0.42961821913258585,-1.8751724696457446,0.5950294658355647,85.31191591685487,2419,676,0
0.20768768716311115,0.11502607914741717,-0.5574230531083212,71.85328155983906,2013,800,0
0.27157883719537346,-0.1601327955666404,-0.41299782214343406,79.92265697166823,1003,28,0
-1.2767485758203094,0.6713400764504657,-0.9266983088473107,95.16530030912648,1862,333,0
-1.0810565404082624,0.21319662823768915,-0.03143917037477642,102.16503198835841,2937,1,0
1.0531528533329035,-0.7519693317388191,-0.8484286341908146,66.25572836309402,1847,188,0
-0.03955515385665504,-0.31905393566661816,0.5731278132412001,78.37277524528673,1803,56,0
0.6815006973726244,-0.796025856803489,-1.7858664919341112,68.84130996941404,2304,547,0
0.028318376130461172,1.0760071385985983,-0.3596296724524624,63.90421297033084,1214,112,0
0.02975613949574519,0.02131164867194222,0.3011073391917421,104.83710539970869,1971,798,0
0.9382838059759977,1.9011906857530074,0.18383451632250436,113.64768861058947,2633,310,0
-0.5160447282173739,-0.060660813814620775,2.6930336639804966,75.91625299792037,2443,36,0
0.09612077694098337,-0.7084067669104628,0.34980002456790754,102.58952470616367,1100,439,0
-0.4622752887050425,-1.5137143926128271,-1.0040545968420103,112.78967025550878,1962,729,0
-0.4344962274323156,-1.803139676255945,-0.09546424708907303,109.2286947371162,2544,592,0
-0.30917212346863937,-1.5841359430054898,-1.7762463334664518,62.79693719774581,1572,826,1
0.22213377163371284,0.2671266510114834,-0.08059974929676088,116.9404317059353,2332,595,0
-0.4787486216634773,0.5087250232299338,-0.8330560570007587,76.36735083006238,1657,577,0
1.2557561255735208,-1.5811907020321334,0.9153902755601617,73.74684628216855,1938,325,0
-0.8946073022195039,0.8950383140761154,-0.5495402745955349,54.370192909444626,2954,640,0
-0.18687164416135904,-0.4830610516834395,-0.11676591579524663,84.03215578734181,2533,307,0
-0.4397310582741749,0.14679301198554937,-0.6355578414044034,57.630953094865006,2086,534,1
1.4469778843537329,1.6122206282554243,1.7388513518533313,67.39778746491982,2656,728,0
0.19655477651157463,0.8968393158655319,-0.3212427661179117,72.1859835237097,1225,619,1
1.0318445394686349,-0.2685306479058323,1.8325570434792018,106.61784264441789,1104,109,1
-1.485560373036972,-0.8911922254152874,0.8141517621182666,111.28420552771276,2997,372,0
0.26705026586925884,-2.151815401329305,0.48206672733538614,71.17264222230287,1771,357,0
0.889630795623437,-0.7191533192424201,0.3687331473175197,110.10886848712018,2884,181,0
0.08228398927542419,-0.21113023882769444,0.39379729821625153,110.00616561588538,2448,356,0
1.0654803750653512,-0.987179527151184,-1.92767257934561,103.52556652694115,2278,676,0
-0.5172884501003722,-0.13125696709230472,-0.2788833941507565,60.26865798106271,1428,68,0
1.40934744018558,0.07685188295876821,0.8451579711843216,98.32259928305103,1433,292,0
2.2988981236192503,-0.22485598180807856,-0.04889718347410554,116.15168452063982,2230,692,0
-0.36283856043965906,-0.6500025808234597,-1.405189846803575,97.777833513701,2051,181,0
-0.4455025214007718,0.16865467196672768,-0.05240445057746945,73.21317943754838,1681,466,0
1.453384477117701,0.44194064956940904,1.7041055162554912,85.04055222015819,2359,434,0
1.5795721457307124,-1.090399077442846,1.2468917155347194,95.20075303457375,1587,464,0
-0.5228600271532683,1.41093237974627,-0.062004009366031745,85.73992861099525,2651,681,0
-0.42018681709585726,-0.09858813228426173,0.9514492770580866,58.396705921167886,2092,914,0
-0.2817846088605072,0.018849622944847662,-0.36650702036805183,71.84448312564145,1865,534,1
-1.344450511034277,0.7082144232565571,-1.703871586826719,106.16772213875427,1745,66,0
-0.9186519464841982,0.23321613126350166,-0.9244659881295544,110.29926322668622,2536,21,0
-1.0041407667520679,0.9531366339132451,1.5628887685081978,59.611002290089914,2190,612,0
-0.7677975651041284,0.2871241652018242,-0.2739930818293042,116.66707266791072,1863,384,0
-0.03468488738678118,-0.6124373746404379,-0.24338397937501807,73.01758324940266,2753,812,0
0.23421473253652075,0.36150352520610163,-0.29983819627488056,96.3619617111504,2808,615,0
1.5505004928140769,-1.1437262073206618,1.904136589573007,102.62776021696769,1367,559,0
-0.998354040738791,0.10855970577652314,1.6259589153620633,106.83623642465184,1250,39,0
0.9843223984765838,-0.0332299906444608,2.218780233448134,116.20247915581511,1858,285,0
-0.21398884422550896,-0.2081168572725397,-0.1590452104000513,71.90436836201758,1855,822,0
-0.04946370965243295,-0.12853751143893075,0.29562448874709507,110.09545181860881,2954,602,0
0.6748194921666038,-1.881849045497639,-1.5166425494207911,59.21808324053449,2709,597,0
-1.1227220215622986,-0.5487249077409615,1.4769344261182744,99.35286344475149,2193,785,1
0.3824097461840506,0.09284490114111471,-1.167779551267935,101.93844106597902,2781,336,0
0.1664522082130561,0.15985639199740037,0.2167755637626291,97.44062688409244,2958,188,0
0.4924512640081491,-1.0276751409259581,-1.097302527632844,67.6620315294607,2113,671,0
0.2891686439078181,1.2657078408647007,-0.5888668267386961,111.11302029106423,1560,243,0
2.4553001399108942,-0.8661748482145009,-0.8372624310497003,61.82009243592765,2469,73,1
-0.637739984251316,0.9694572005267368,-0.6078752606758179,53.75443540645816,1293,479,0
-0.5309969550018176,0.42719436187168486,-0.5391227031489786,100.22254934283384,1918,974,0
-0.6231405264247644,-0.646227309843803,-0.5482687949250771,83.28330006629136,2173,561,0
-0.5554771191602547,1.775310892609512,0.8333339117803071,109.43686139710732,2155,101,0
-0.6373871273065177,-1.19363683175648,-1.10486279306252,76.83779987407813,1432,514,1
1.1890165311075518,0.9191541736100015,0.22054142701386686,61.77950119553989,1058,756,0
1.4205042479898549,1.0005823180429783,1.2179591523055584,108.55095347289088,1968,176,1
-0.5707462937494763,-0.6706202090766449,-0.513196364513396,88.42367421480502,1835,238,0
-0.8323555731042287,1.3924653000643288,-0.7179188907476018,63.243705467324844,1198,910,0
0.4714155563864041,-0.2500465145989528,-0.23052462518025083,100.4268799010512,1214,59,0
-0.5522230442809712,0.28869362927985703,1.1797252083607102,85.77795469426503,1897,865,1
0.6329318177555108,0.2603218387712207,0.1941076309533577,92.30190875682239,2584,99,0
0.2029230208512997,-0.1343087414705478,-0.5312142946075985,82.26288367446074,1471,954,0
-1.515744114997232,0.8108082731597821,0.48387665118803974,108.00962886726045,2767,871,1
1.5475052013300616,0.793488720552213,-1.1022921498364233,108.06939009781348,1246,954,0
1.7958776730955217,-1.7485319732381808,0.681359510442948,99.65721752770703,1381,495,0
-0.6127886904843862,1.3043402428781525,0.4086073077017676,57.37809641775236,1990,947,0
-0.38770155993598415,-1.6624919880356743,-0.3078084711388841,108.71977033328483,2262,980,0
0.28586539072490497,1.0325462043416573,-0.838585798447231,96.9709086373037,1926,514,0
0.334456789987025,1.1267051368275833,-0.8866809222834573,98.79169162030097,2390,755,0
0.6585442726728304,-1.0909664302151982,0.5348173363459102,75.40879882827102,2191,297,0
2.0102045387663496,-0.4108142879545848,1.2289805024890619,111.54956893099046,1559,211,0
-0.1769472274940494,-1.1057046684859357,-0.6373077470287948,100.77601201644002,2074,123,0
-0.7982972445384537,-0.21492103028873533,0.45838670355148425,57.881332657043615,2834,229,1
-1.3793192280145272,-0.30803428418574125,-2.0870270186020687,78.54446240843139,2633,594,0
-0.7309300399419191,0.7796605322693398,-0.5846177306571996,112.04662533720992,2974,656,0
-0.033126972873797095,1.3103087461196083,-0.031058932870901952,53.30376911881653,2751,388,0
1.7945578635177877,1.395683810789956,-0.9096834169818336,117.29916337494346,1688,140,0
-0.5176112990361714,-0.5621680265783021,-0.936506374789596,97.5413797823694,1379,541,0
0.2237879516388985,-0.20922187374452778,-0.6677795564688862,94.19631843503636,1473,391,0
-0.016422896072752075,-1.6834381922209503,0.29219272832637316,68.9391479541594,2103,270,0
1.188393273448084,-0.8058700664961888,-0.1873290184063747,67.41542521174239,1696,759,0
2.5269324258736217,0.9648516330974576,-2.238231233324972,115.94407536420168,2390,12,0
-0.5308687729203206,1.6155828235482317,-2.120700152635066,70.87907179638859,2484,867,0
-0.48943944251822213,-1.234348871879922,-0.6068651778571754,104.28537077032996,1910,389,0
1.044160877069072,-0.5924642591528942,0.45768658605355206,77.51852587449554,2562,337,0
0.6818914896263114,-0.02640575695892703,-2.7475048427252347,59.74778495492928,2475,506,0
1.8467073257360336,0.2801611588196068,-0.4997301761516306,50.75007083867513,2487,106,1
0.5839281853259639,-0.8096035199216461,-0.5262478565174211,88.09801359106756,1959,32,0
-0.35929209078705954,0.4240610444640897,1.3883377782084478,118.30451729842528,1477,74,0
0.5906548306923093,-0.47383934707091613,-0.38502181171286365,75.83953356664432,2003,171,0
1.1087035805829077,-0.014452270878279104,0.38298898474092846,75.00346337951314,1925,849,0
0.820482181197364,0.5462842480036996,0.14125714008746323,74.08641324946095,2443,69,0
0.5072740311072977,0.0064222698109378164,-2.1305664798072006,86.4380686113401,1706,813,0
1.066674689589154,-0.4363858905265686,0.7682072166317373,80.84654183970055,2237,362,0
1.1692955904456728,-0.10960980392583083,0.21539650545628794,111.59402387089102,2392,649,0
1.3821589910375272,-0.08836295920533532,0.5082686396745896,85.38645542064432,1853,433,0
0.6487098875896427,-0.3700110298821277,3.9262377064363267,85.54304867319982,2137,929,0
-0.16711808031685435,-0.25879606266710237,-2.0841129394985884,59.68601163043896,2016,996,0
0.14671368643332283,1.598647170504717,1.7246966497611085,118.79176786372702,1753,100,0
1.2065089665083568,0.5609194479412387,-0.28744751940035557,67.49810236081808,1502,658,0
-0.8169356709872361,-0.29548031802916036,0.2873289044030093,55.13548472217219,2659,9,0
0.3686733088729012,0.6969544045107356,-0.04551224530124217,96.42023742826461,1816,574,0
-0.3933388123273607,-0.33381948975600995,-0.4242363333980435,91.67564591098109,1587,697,1
0.028744822934817487,1.1731246375866413,-0.5698329282387588,79.0601957794922,2334,29,1
1.2784518626072987,0.3696421921980939,0.32950873557300914,79.55345637164746,2492,893,0
0.19109906801990334,-0.10730214400422888,-1.5171736966716791,104.95447447325019,2847,114,0
0.04643654815614881,0.4477169258102776,0.7505791675217656,63.69988480697543,1707,462,0
-1.3598561409799192,-1.5708761520684993,-0.41619440488525394,107.41773232614227,2886,921,0
0.7462535660272207,-1.1267674689098053,-1.1300693390403578,95.41229797265127,2067,143,0
0.6454841811410754,-1.1939250063990554,-0.4500128579958137,79.32788416456671,2438,390,0
2.16325472330546,0.14294309476370676,1.2571492168625729,82.0620031608708,2721,632,1
-0.30777823495300083,1.732514999485092,-0.5353350870162231,67.9653045030267,2878,682,0
0.21915032766393897,2.2313001461926323,0.35845361820962024,102.64800328878823,2269,157,0
0.24938368371075526,0.6380511014407572,-0.7309562757154733,85.90123196136875,2972,335,0
1.5774532797634744,0.5008444749444569,0.7579218499236196,72.45981799248905,2107,861,0
-0.0952955323869521,-1.801057734152739,0.6855077387902041,91.72350810326651,1206,260,0
0.27902152577033923,-0.5426737997340217,1.8486088332964115,119.7014116435926,1150,82,0
0.6078965097165392,-0.7877837519082389,-0.1755639454992155,80.46835957595877,1667,754,0
0.1866091231563581,-0.620847598251116,0.6686548047579066,114.44839805450337,1527,441,0
-0.44643361455052827,-0.1681438185847896,0.09806753953894455,74.15117879471963,1164,945,1
0.19408999289830758,-0.47209057769712737,1.2958717818630143,53.831289484749014,1916,172,0
1.073631749859772,-1.9792998103757877,-0.7188323876087304,64.29694744579002,2998,231,0
-1.0265152994110602,0.7479102561175338,0.7450053128772811,79.3086600329379,2168,720,0
0.132969674146876,-1.0727430257398065,-0.19469729611668168,65.37444500161983,2009,75,0
-0.7001208149391732,0.23924686411114954,-0.06418817710849775,50.01589267527789,1036,270,0
1.1950466289248425,2.0740826697499735,0.09175248444837286,114.0501076423269,1332,899,1
-1.5231869047837747,-0.9193845915864234,0.2522403964266774,109.07155878616504,1402,626,0
-0.5589218472715883,-2.5302875227463297,-0.11622904312195817,101.9604562040863,1413,62,1
0.37721187506452086,-0.2860042218801108,0.21471318317052634,61.747021695222,1044,874,0
1.5655240292343404,1.100959634998571,1.5781180575621845,58.42545033469902,2425,320,0
-0.0657502610729878,1.9583474542205939,0.9854496856152184,54.73233246306682,1205,102,1
-0.5551995266931984,-1.2295495944524168,0.8691545924968965,100.68204321410448,1061,429,0
1.8811570694405901,0.4966992232365217,-0.4555395260238707,115.01655724815197,1419,874,0
-1.448013900416244,-0.46531045678005334,-0.8892408282283243,80.13750746391258,1867,722,0
-2.198805956620082,-0.10594835430413566,0.9553005582377528,58.339847039723374,2491,954,0
0.4400144500533324,2.6443433470170348,0.8760467925297942,85.86749745124746,1819,255,0
-0.5020542243526112,-1.5029703283951532,1.472670675750982,74.41823352210412,1018,532,1
-1.0212328171307132,0.25373966149457344,-0.6039806259692295,76.23774470449985,1364,570,0
0.7083564472993533,0.4676931717654332,-0.22954865536034708,93.4931436908995,2323,112,0
0.24380071377119883,1.0857863249393471,-1.6394841625254342,100.31026792835416,2030,985,1
-0.5640786307367284,0.09798315347089544,-0.39247110606087293,57.74225192112126,2784,313,0
-1.2803043986708944,0.3080505395041023,0.9965705105794472,52.491316156453344,1427,998,0
0.8724573282801447,-0.3916485674217911,-0.46649537922819795,119.60312118800005,2140,461,0
0.650201177958661,0.26912694124510733,0.6404797952008238,66.29098442408863,1579,708,0
-0.09917586377938291,-0.3431922754974105,-0.19050310599781134,53.76813674359214,2530,887,0
1.8466369960476658,0.6215718898560508,0.32405702822156063,63.2912730367144,1545,462,1
-1.0700847663261526,-0.36961033604363397,-1.1476913898156673,52.7270492443925,2729,865,0
-1.5255251709247388,0.37710039390218647,0.08520944963390106,77.42676262320202,1324,92,0
-0.6919080698812444,-0.029262813684978354,-2.9911359709007233,106.1681249115927,1054,52,0
-0.045586016355497805,1.1260502507721681,-0.18689615816198485,73.88711148304044,1777,805,0
0.24333944932269183,-0.05139372358848624,-1.6304732437151401,81.09283848148566,1991,520,0
-0.24123605785632987,-1.7730324682068814,1.205994516546816,97.29107414972071,1041,812,0
0.3520553965142968,1.2619215007139917,0.7774073527645112,85.62258490489161,2320,98,0
-1.251539424190444,-0.9057323008626189,0.46667098196608103,110.3011980214927,2996,236,1
1.4437646040732595,-0.6537663386488198,1.52100622715938,110.62249725320297,1230,901,0
-0.0821511783925688,-0.5956612940434921,-0.9489165208248372,50.69374868438076,1452,374,0
1.1172958315881276,1.3744380931708173,1.7473631979155582,104.46324145382394,2913,581,1
0.34272534637770413,-2.1356742139786955,0.9321915642603847,82.25135201691717,1393,927,0
0.4567532191537839,3.1377485336599937,-0.23655528721894603,119.21883789125641,2545,557,0
0.5697672802322039,1.0560568090660518,1.1356201471829441,83.82624531128046,2381,649,0
0.44770856001731496,0.22323891412915967,-1.1062935124116342,119.08271617718083,2467,234,0
0.6427227598675439,-0.05489400061628639,-0.8245141615276735,102.81985528440157,2151,32,0
1.3291525301324314,0.28555407485765694,-0.6085897232397004,67.40234192293144,1690,289,0
0.19652116970147013,0.5211224283793383,-0.5289777080640152,87.68764855008703,2428,638,0
0.7090037575885123,0.645215585950057,-1.0565576427602528,119.4494947635008,1391,579,0
-0.08973569428722672,0.5556044660034485,1.223083067095325,110.02714254263466,2216,542,0
1.4401172154494728,0.08958068125524882,-0.25885440036983165,56.81568256538548,1603,114,0
-0.6763923020592697,-0.1973384203073261,0.35250496835687956,99.44603977669973,1880,204,0
1.8009404329108156,-0.1512732836535117,-0.5703513664136806,74.19057101095692,2766,29,1
-0.04015795064434341,-0.194908280352681,-1.8206033005485172,50.48875833162437,2101,643,1
-1.4307751021180481,1.1337700968670645,0.2700573583914221,78.24366783188998,1084,474,0
0.12810441491078928,0.5935567222808619,-1.9122549754197768,66.432809520748,2053,697,0
-0.6810516574748808,-2.9403886346642802,-0.06863404608546861,107.32084893643301,2748,253,0
0.8406435489887241,0.655900776529761,-1.3683150388328105,73.61314261920359,1048,798,0
-0.6526239793023909,0.19473619471877485,1.987275999230808,107.9266585767672,2800,905,0
-0.4461834332147797,-0.018708756445897416,0.9113627221747217,50.04185571843567,2168,922,0
-1.889540730945531,-0.38851845308888583,0.10575379127148042,71.54734050182834,1068,386,0
-0.4523063192490767,1.1241127199860135,1.2637066776546686,66.88156500154334,2081,62,0
-2.4238793266289567,0.9475264621228578,-0.8463159774657358,66.34971527480278,1696,515,1
-1.5839028234857233,-0.7728776678236091,0.543479378670093,54.77306338358239,2597,430,0
0.7604146561442974,0.4070522871245351,0.1998104337187135,63.09869892873512,1478,580,0
0.7858001586508322,-0.971656734541286,0.26402008133367,88.8884698919934,1819,537,0
0.42545756178496474,-1.3796181647889305,1.2723535001067678,70.39527509864212,2468,691,0
-0.966976143129213,-0.6267172245899651,0.7324921027798023,79.21763476304037,2319,141,0
-0.047711356141979855,0.8623934723827588,0.28872366282502326,76.3806816243032,2701,743,0
-0.0036025390905684044,0.9531250453760867,-1.6548874362282961,111.31334474999262,2194,300,0
-1.1583646891925428,0.513085420097293,-0.9600462952794637,113.37092993073608,2598,675,0
1.5033983017671506,0.7250957868479971,-0.12270893359572414,84.5069880159102,1146,311,1
0.8773622905756714,0.5161782871149584,0.09337237427665124,73.11091652209231,2507,471,1
-0.22096417382966393,-0.6414815952229522,-1.1302037246739238,57.476049280165455,2329,393,1
0.02688583899453078,0.43192254467394064,2.411676675578421,116.73820155674665,2696,642,0
0.20838280794755248,0.8004095252276823,1.5163940552535728,54.215886143020825,2676,445,0
-2.0417348684242906,0.7542913298135743,0.6021183203924835,70.83551942977962,2869,758,0
-0.24717738252059693,1.188913371474643,0.07203686128374476,70.86463408190029,2015,809,0
-0.6819842479977986,0.7083038472010638,-0.21220896990115168,72.42809002981504,1608,172,0
-1.0016200098949155,0.3514482075415829,-0.9519184600222356,61.50007902906865,1445,576,1
-0.2811002928859549,1.0701502383164274,0.07748051851886253,104.8213001646588,1220,31,0
1.7976865268495226,-0.026521259249060063,0.2577525401427507,58.574850337619246,2578,47,0
0.6408428612670098,-0.8818746512277178,-1.2417605754816243,94.4434661407214,2968,130,0
-0.5711789897827968,-0.16306696394376388,0.33417641724489744,58.669221869407224,2827,352,1
0.5725827813561586,-0.7449026448064491,-0.15525904882474875,54.93749463150696,2401,978,0
